"","Peptide","Protein","CI","FB","PG","WB"
"1","AAQDNGLLTDVLAYK","Trifunctional",3,3,3,3
"2","AGELGGSDPDYAMR","Catalase",3,3,3,3
"3","ALELGLKPK","Trifunctional",3,3,3,3
"4","ALFIIDDK","Peroxiredoxin-1",3,3,3,3
"5","APGLPAQIK","Arachidonate",3,3,3,3
"6","APNSFNLR","Glycogen",3,3,3,3
"7","DNVVVIGFFK","PDI",3,3,3,3
"8","DSSTMGYMAAK","HSP90-alpha",3,3,3,3
"9","EVVQSSAFVER","HSP90-alpha",3,3,3,3
"10","GLGLGGVPGQNGK","Arachidonate",3,3,3,3
"11","GVVDSEDLPLNISR","HSP90-alpha",2,2,2,2
"12","IITRPFNVNGLLAYDSR","Cytochrome",3,3,3,3
"13","LLDQVWPDLR","Sodium/potassium-transporting",3,3,3,3
"14","LNSGSVGVYR","Puromycin-sensitive",3,3,3,3
"15","LTANIAGHLIGAQEFIQK","Catalase",3,3,3,3
"16","LYSYSDTHR","Catalase",3,3,3,3
"17","MDSTANEVEDVK","PDI",3,3,3,3
"18","MDVEGTLPEDLK","Arachidonate",3,3,3,3
"19","NAVVTVPAYFNDAQR","HSP70",3,3,3,3
"20","QSLLPFGATGPR","Cytochrome",4,4,4,4
"21","SIQQSVENIR","Puromycin-sensitive",3,3,3,3
"22","SLTENFVTEEQAK","Puromycin-sensitive",3,3,3,3
"23","STIGVEFATR","Ras-related",3,3,3,3
"24","THGAPTDEER","Superoxide",3,3,3,3
"25","TIVVHADVDDLGK","Superoxide",2,2,2,2
"26","TSFDAFPDK","Glycogen",3,3,3,3
"27","TVIEPMAGDGLR","Sodium/potassium-transporting",3,3,3,3
"28","VLYPNDNFFEGK","Glycogen",3,3,3,3
"29","WLDESGVFLPEEHPSR","Cytochrome",3,3,3,3
