Peptide Sequence,Protein Name,Replicate Name,Predicted Retention Time,Peptide Retention Time,Peptide Peak Found Ratio
LTILEELR,PRTC peptides,bivalves_140,#N/A,31.06,1
LTILEELR,PRTC peptides,bivalves_141,#N/A,30.87,1
LTILEELR,PRTC peptides,bivalves_142,#N/A,31.26,1
GLILVGGYGTR,PRTC peptides,bivalves_140,#N/A,28.54,1
GLILVGGYGTR,PRTC peptides,bivalves_141,#N/A,28.32,1
GLILVGGYGTR,PRTC peptides,bivalves_142,#N/A,28.67,1
ELGQSGVDTYLQTK,PRTC peptides,bivalves_140,#N/A,25.9,1
ELGQSGVDTYLQTK,PRTC peptides,bivalves_141,#N/A,25.71,1
ELGQSGVDTYLQTK,PRTC peptides,bivalves_142,#N/A,26,1
SAAGAFGPELSR,PRTC peptides,bivalves_140,#N/A,24.96,1
SAAGAFGPELSR,PRTC peptides,bivalves_141,#N/A,24.73,1
SAAGAFGPELSR,PRTC peptides,bivalves_142,#N/A,25.05,1
TASEFDSAIAQDK,PRTC peptides,bivalves_140,#N/A,23.91,1
TASEFDSAIAQDK,PRTC peptides,bivalves_141,#N/A,23.56,1
TASEFDSAIAQDK,PRTC peptides,bivalves_142,#N/A,24.01,1
IGDYAGIK,PRTC peptides,bivalves_140,#N/A,22.13,1
IGDYAGIK,PRTC peptides,bivalves_141,#N/A,21.84,1
IGDYAGIK,PRTC peptides,bivalves_142,#N/A,22.35,1
DIPVPKPK,PRTC peptides,bivalves_140,#N/A,20.31,1
DIPVPKPK,PRTC peptides,bivalves_141,#N/A,19.92,1
DIPVPKPK,PRTC peptides,bivalves_142,#N/A,20.47,1
HVLTSIGEK,PRTC peptides,bivalves_140,#N/A,18.96,1
HVLTSIGEK,PRTC peptides,bivalves_141,#N/A,18.68,1
HVLTSIGEK,PRTC peptides,bivalves_142,#N/A,19.16,1
GISNEGQNASIK,PRTC peptides,bivalves_140,#N/A,18.43,1
GISNEGQNASIK,PRTC peptides,bivalves_141,#N/A,18.24,1
GISNEGQNASIK,PRTC peptides,bivalves_142,#N/A,18.5,1
SSAAPPPPPR,PRTC peptides,bivalves_140,#N/A,16.88,1
SSAAPPPPPR,PRTC peptides,bivalves_141,#N/A,16.72,1
SSAAPPPPPR,PRTC peptides,bivalves_142,#N/A,17.01,1
