"","Peptide","Sample","Protein","Region","Bay","Habitat","Exclosure","Sample.Shorthand","mean"
"1","GLGLGGVPGQNGK","G012","Arachidonate","South","CI","B","CIB-4","CI-B",1093724
"2","MDVEGTLPEDLK","G012","Arachidonate","South","CI","B","CIB-4","CI-B",733701
"3","APGLPAQIK","G014","Arachidonate","South","CI","B","CIB-4","CI-B",11347830
"4","GLGLGGVPGQNGK","G014","Arachidonate","South","CI","B","CIB-4","CI-B",5506630
"5","MDVEGTLPEDLK","G014","Arachidonate","South","CI","B","CIB-4","CI-B",4115013
"6","AGELGGSDPDYAMR","G012","Catalase","South","CI","B","CIB-4","CI-B",3926941
"7","LTANIAGHLIGAQEFIQK","G012","Catalase","South","CI","B","CIB-4","CI-B",578321
"8","LYSYSDTHR","G012","Catalase","South","CI","B","CIB-4","CI-B",358639.5
"9","AGELGGSDPDYAMR","G014","Catalase","South","CI","B","CIB-4","CI-B",2818299
"10","LTANIAGHLIGAQEFIQK","G014","Catalase","South","CI","B","CIB-4","CI-B",636709
"11","LYSYSDTHR","G014","Catalase","South","CI","B","CIB-4","CI-B",366990
"12","IITRPFNVNGLLAYDSR","G012","Cytochrome","South","CI","B","CIB-4","CI-B",165377
"13","QSLLPFGATGPR","G012","Cytochrome","South","CI","B","CIB-4","CI-B",718807
"14","WLDESGVFLPEEHPSR","G012","Cytochrome","South","CI","B","CIB-4","CI-B",305343
"15","IITRPFNVNGLLAYDSR","G014","Cytochrome","South","CI","B","CIB-4","CI-B",1073235
"16","QSLLPFGATGPR","G014","Cytochrome","South","CI","B","CIB-4","CI-B",2379370
"17","WLDESGVFLPEEHPSR","G014","Cytochrome","South","CI","B","CIB-4","CI-B",1058079
"18","APNSFNLR","G012","Glycogen","South","CI","B","CIB-4","CI-B",1755223
"19","TSFDAFPDK","G012","Glycogen","South","CI","B","CIB-4","CI-B",1728532
"20","VLYPNDNFFEGK","G012","Glycogen","South","CI","B","CIB-4","CI-B",1299451
"21","APNSFNLR","G014","Glycogen","South","CI","B","CIB-4","CI-B",2798249
"22","TSFDAFPDK","G014","Glycogen","South","CI","B","CIB-4","CI-B",2668815
"23","VLYPNDNFFEGK","G014","Glycogen","South","CI","B","CIB-4","CI-B",2002489
"24","NAVVTVPAYFNDAQR","G012","HSP70","South","CI","B","CIB-4","CI-B",1613823
"25","NAVVTVPAYFNDAQR","G014","HSP70","South","CI","B","CIB-4","CI-B",4286408
"26","DSSTMGYMAAK","G012","HSP90-alpha","South","CI","B","CIB-4","CI-B",505107
"27","EVVQSSAFVER","G012","HSP90-alpha","South","CI","B","CIB-4","CI-B",1825117
"28","GVVDSEDLPLNISR","G012","HSP90-alpha","South","CI","B","CIB-4","CI-B",1708459
"29","DSSTMGYMAAK","G014","HSP90-alpha","South","CI","B","CIB-4","CI-B",3747172
"30","EVVQSSAFVER","G014","HSP90-alpha","South","CI","B","CIB-4","CI-B",15839363
"31","GVVDSEDLPLNISR","G014","HSP90-alpha","South","CI","B","CIB-4","CI-B",12589818
"32","DNVVVIGFFK","G012","PDI","South","CI","B","CIB-4","CI-B",7445351
"33","MDSTANEVEDVK","G012","PDI","South","CI","B","CIB-4","CI-B",796444
"34","DNVVVIGFFK","G014","PDI","South","CI","B","CIB-4","CI-B",10569135
"35","MDSTANEVEDVK","G014","PDI","South","CI","B","CIB-4","CI-B",2790344
"36","ALFIIDDK","G012","Peroxiredoxin-1","South","CI","B","CIB-4","CI-B",1998848
"37","ALFIIDDK","G014","Peroxiredoxin-1","South","CI","B","CIB-4","CI-B",4929093
"38","LNSGSVGVYR","G012","Puromycin-sensitive","South","CI","B","CIB-4","CI-B",385459
"39","SIQQSVENIR","G012","Puromycin-sensitive","South","CI","B","CIB-4","CI-B",530274
"40","SLTENFVTEEQAK","G012","Puromycin-sensitive","South","CI","B","CIB-4","CI-B",274624
"41","LNSGSVGVYR","G014","Puromycin-sensitive","South","CI","B","CIB-4","CI-B",2138526
"42","SIQQSVENIR","G014","Puromycin-sensitive","South","CI","B","CIB-4","CI-B",3515432
"43","SLTENFVTEEQAK","G014","Puromycin-sensitive","South","CI","B","CIB-4","CI-B",1678446
"44","STIGVEFATR","G012","Ras-related","South","CI","B","CIB-4","CI-B",1221428
"45","STIGVEFATR","G014","Ras-related","South","CI","B","CIB-4","CI-B",4118545
"46","LLDQVWPDLR","G012","Sodium/potassium-transporting","South","CI","B","CIB-4","CI-B",829142
"47","TVIEPMAGDGLR","G012","Sodium/potassium-transporting","South","CI","B","CIB-4","CI-B",607712
"48","LLDQVWPDLR","G014","Sodium/potassium-transporting","South","CI","B","CIB-4","CI-B",975044
"49","TVIEPMAGDGLR","G014","Sodium/potassium-transporting","South","CI","B","CIB-4","CI-B",860199
"50","TIVVHADVDDLGK","G012","Superoxide","South","CI","B","CIB-4","CI-B",153701
"51","THGAPTDEER","G014","Superoxide","South","CI","B","CIB-4","CI-B",335587
"52","TIVVHADVDDLGK","G014","Superoxide","South","CI","B","CIB-4","CI-B",496676
"53","AAQDNGLLTDVLAYK","G012","Trifunctional","South","CI","B","CIB-4","CI-B",98017
"54","AAQDNGLLTDVLAYK","G014","Trifunctional","South","CI","B","CIB-4","CI-B",317260
"55","ALELGLKPK","G014","Trifunctional","South","CI","B","CIB-4","CI-B",291969
"56","APGLPAQIK","G015","Arachidonate","South","CI","B","CIB-5","CI-B",3619534
"57","GLGLGGVPGQNGK","G015","Arachidonate","South","CI","B","CIB-5","CI-B",2115864
"58","MDVEGTLPEDLK","G015","Arachidonate","South","CI","B","CIB-5","CI-B",1053626
"59","GLGLGGVPGQNGK","G016","Arachidonate","South","CI","B","CIB-5","CI-B",5536742
"60","MDVEGTLPEDLK","G016","Arachidonate","South","CI","B","CIB-5","CI-B",1176361
"61","APGLPAQIK","G017","Arachidonate","South","CI","B","CIB-5","CI-B",29797586
"62","GLGLGGVPGQNGK","G017","Arachidonate","South","CI","B","CIB-5","CI-B",10409345
"63","MDVEGTLPEDLK","G017","Arachidonate","South","CI","B","CIB-5","CI-B",8951090
"64","AGELGGSDPDYAMR","G015","Catalase","South","CI","B","CIB-5","CI-B",2235735
"65","LTANIAGHLIGAQEFIQK","G015","Catalase","South","CI","B","CIB-5","CI-B",382851
"66","LYSYSDTHR","G015","Catalase","South","CI","B","CIB-5","CI-B",225342
"67","AGELGGSDPDYAMR","G016","Catalase","South","CI","B","CIB-5","CI-B",2842888
"68","LTANIAGHLIGAQEFIQK","G016","Catalase","South","CI","B","CIB-5","CI-B",477103
"69","AGELGGSDPDYAMR","G017","Catalase","South","CI","B","CIB-5","CI-B",5737112
"70","LTANIAGHLIGAQEFIQK","G017","Catalase","South","CI","B","CIB-5","CI-B",1149342
"71","IITRPFNVNGLLAYDSR","G015","Cytochrome","South","CI","B","CIB-5","CI-B",475270
"72","QSLLPFGATGPR","G015","Cytochrome","South","CI","B","CIB-5","CI-B",38054
"73","WLDESGVFLPEEHPSR","G015","Cytochrome","South","CI","B","CIB-5","CI-B",488483
"74","IITRPFNVNGLLAYDSR","G016","Cytochrome","South","CI","B","CIB-5","CI-B",640016
"75","QSLLPFGATGPR","G016","Cytochrome","South","CI","B","CIB-5","CI-B",1327628
"76","WLDESGVFLPEEHPSR","G016","Cytochrome","South","CI","B","CIB-5","CI-B",611717
"77","IITRPFNVNGLLAYDSR","G017","Cytochrome","South","CI","B","CIB-5","CI-B",1691325
"78","QSLLPFGATGPR","G017","Cytochrome","South","CI","B","CIB-5","CI-B",5074288
"79","WLDESGVFLPEEHPSR","G017","Cytochrome","South","CI","B","CIB-5","CI-B",1855674
"80","APNSFNLR","G015","Glycogen","South","CI","B","CIB-5","CI-B",1765451
"81","TSFDAFPDK","G015","Glycogen","South","CI","B","CIB-5","CI-B",1374706
"82","VLYPNDNFFEGK","G015","Glycogen","South","CI","B","CIB-5","CI-B",1192607
"83","APNSFNLR","G016","Glycogen","South","CI","B","CIB-5","CI-B",2553099
"84","TSFDAFPDK","G016","Glycogen","South","CI","B","CIB-5","CI-B",1951371
"85","VLYPNDNFFEGK","G016","Glycogen","South","CI","B","CIB-5","CI-B",1869498
"86","APNSFNLR","G017","Glycogen","South","CI","B","CIB-5","CI-B",4285574
"87","TSFDAFPDK","G017","Glycogen","South","CI","B","CIB-5","CI-B",5283757
"88","VLYPNDNFFEGK","G017","Glycogen","South","CI","B","CIB-5","CI-B",3541769
"89","NAVVTVPAYFNDAQR","G015","HSP70","South","CI","B","CIB-5","CI-B",2392188
"90","NAVVTVPAYFNDAQR","G016","HSP70","South","CI","B","CIB-5","CI-B",5959568
"91","NAVVTVPAYFNDAQR","G017","HSP70","South","CI","B","CIB-5","CI-B",8135252
"92","DSSTMGYMAAK","G015","HSP90-alpha","South","CI","B","CIB-5","CI-B",1470404
"93","EVVQSSAFVER","G015","HSP90-alpha","South","CI","B","CIB-5","CI-B",7219919
"94","GVVDSEDLPLNISR","G015","HSP90-alpha","South","CI","B","CIB-5","CI-B",5637982
"95","EVVQSSAFVER","G016","HSP90-alpha","South","CI","B","CIB-5","CI-B",25517928
"96","GVVDSEDLPLNISR","G016","HSP90-alpha","South","CI","B","CIB-5","CI-B",13526579
"97","DSSTMGYMAAK","G017","HSP90-alpha","South","CI","B","CIB-5","CI-B",9044902
"98","EVVQSSAFVER","G017","HSP90-alpha","South","CI","B","CIB-5","CI-B",23996050
"99","GVVDSEDLPLNISR","G017","HSP90-alpha","South","CI","B","CIB-5","CI-B",21673899
"100","DNVVVIGFFK","G015","PDI","South","CI","B","CIB-5","CI-B",6458705
"101","MDSTANEVEDVK","G015","PDI","South","CI","B","CIB-5","CI-B",1347795
"102","DNVVVIGFFK","G016","PDI","South","CI","B","CIB-5","CI-B",13890960
"103","DNVVVIGFFK","G017","PDI","South","CI","B","CIB-5","CI-B",23425445
"104","MDSTANEVEDVK","G017","PDI","South","CI","B","CIB-5","CI-B",6918078
"105","ALFIIDDK","G015","Peroxiredoxin-1","South","CI","B","CIB-5","CI-B",2217846
"106","ALFIIDDK","G016","Peroxiredoxin-1","South","CI","B","CIB-5","CI-B",6568549
"107","ALFIIDDK","G017","Peroxiredoxin-1","South","CI","B","CIB-5","CI-B",8314533
"108","LNSGSVGVYR","G015","Puromycin-sensitive","South","CI","B","CIB-5","CI-B",1006034
"109","SIQQSVENIR","G015","Puromycin-sensitive","South","CI","B","CIB-5","CI-B",1605877
"110","SLTENFVTEEQAK","G015","Puromycin-sensitive","South","CI","B","CIB-5","CI-B",678525
"111","SIQQSVENIR","G016","Puromycin-sensitive","South","CI","B","CIB-5","CI-B",4302214
"112","SLTENFVTEEQAK","G016","Puromycin-sensitive","South","CI","B","CIB-5","CI-B",1969687
"113","LNSGSVGVYR","G017","Puromycin-sensitive","South","CI","B","CIB-5","CI-B",3461340
"114","SIQQSVENIR","G017","Puromycin-sensitive","South","CI","B","CIB-5","CI-B",7109277
"115","SLTENFVTEEQAK","G017","Puromycin-sensitive","South","CI","B","CIB-5","CI-B",2514779
"116","STIGVEFATR","G015","Ras-related","South","CI","B","CIB-5","CI-B",2361015
"117","STIGVEFATR","G016","Ras-related","South","CI","B","CIB-5","CI-B",3580375
"118","STIGVEFATR","G017","Ras-related","South","CI","B","CIB-5","CI-B",4769838
"119","LLDQVWPDLR","G015","Sodium/potassium-transporting","South","CI","B","CIB-5","CI-B",785522
"120","TVIEPMAGDGLR","G015","Sodium/potassium-transporting","South","CI","B","CIB-5","CI-B",607343
"121","LLDQVWPDLR","G016","Sodium/potassium-transporting","South","CI","B","CIB-5","CI-B",653417
"122","TVIEPMAGDGLR","G016","Sodium/potassium-transporting","South","CI","B","CIB-5","CI-B",692640
"123","LLDQVWPDLR","G017","Sodium/potassium-transporting","South","CI","B","CIB-5","CI-B",2100202
"124","TVIEPMAGDGLR","G017","Sodium/potassium-transporting","South","CI","B","CIB-5","CI-B",2499421
"125","THGAPTDEER","G015","Superoxide","South","CI","B","CIB-5","CI-B",303635
"126","TIVVHADVDDLGK","G015","Superoxide","South","CI","B","CIB-5","CI-B",165472
"127","TIVVHADVDDLGK","G016","Superoxide","South","CI","B","CIB-5","CI-B",1081000
"128","TIVVHADVDDLGK","G017","Superoxide","South","CI","B","CIB-5","CI-B",1672660
"129","AAQDNGLLTDVLAYK","G015","Trifunctional","South","CI","B","CIB-5","CI-B",177129
"130","ALELGLKPK","G015","Trifunctional","South","CI","B","CIB-5","CI-B",109373
"131","AAQDNGLLTDVLAYK","G016","Trifunctional","South","CI","B","CIB-5","CI-B",167542
"132","ALELGLKPK","G016","Trifunctional","South","CI","B","CIB-5","CI-B",352954
"133","AAQDNGLLTDVLAYK","G017","Trifunctional","South","CI","B","CIB-5","CI-B",354871
"134","ALELGLKPK","G017","Trifunctional","South","CI","B","CIB-5","CI-B",907478
"135","APGLPAQIK","G001","Arachidonate","South","CI","E","CIE-2","CI-E",4651715
"136","GLGLGGVPGQNGK","G001","Arachidonate","South","CI","E","CIE-2","CI-E",2853335
"137","APGLPAQIK","G002","Arachidonate","South","CI","E","CIE-2","CI-E",57393542
"138","GLGLGGVPGQNGK","G002","Arachidonate","South","CI","E","CIE-2","CI-E",16479668
"139","MDVEGTLPEDLK","G002","Arachidonate","South","CI","E","CIE-2","CI-E",14784067
"140","APGLPAQIK","G003","Arachidonate","South","CI","E","CIE-2","CI-E",736390.5
"141","GLGLGGVPGQNGK","G003","Arachidonate","South","CI","E","CIE-2","CI-E",511120.5
"142","MDVEGTLPEDLK","G003","Arachidonate","South","CI","E","CIE-2","CI-E",166528.5
"143","AGELGGSDPDYAMR","G001","Catalase","South","CI","E","CIE-2","CI-E",1487416
"144","LTANIAGHLIGAQEFIQK","G001","Catalase","South","CI","E","CIE-2","CI-E",82055
"145","LYSYSDTHR","G001","Catalase","South","CI","E","CIE-2","CI-E",196887
"146","AGELGGSDPDYAMR","G002","Catalase","South","CI","E","CIE-2","CI-E",14498164
"147","LTANIAGHLIGAQEFIQK","G002","Catalase","South","CI","E","CIE-2","CI-E",1312598
"148","LYSYSDTHR","G002","Catalase","South","CI","E","CIE-2","CI-E",1433297
"149","AGELGGSDPDYAMR","G003","Catalase","South","CI","E","CIE-2","CI-E",196270.5
"150","LYSYSDTHR","G003","Catalase","South","CI","E","CIE-2","CI-E",52651.5
"151","IITRPFNVNGLLAYDSR","G001","Cytochrome","South","CI","E","CIE-2","CI-E",162186
"152","QSLLPFGATGPR","G001","Cytochrome","South","CI","E","CIE-2","CI-E",717053
"153","WLDESGVFLPEEHPSR","G001","Cytochrome","South","CI","E","CIE-2","CI-E",121429
"154","IITRPFNVNGLLAYDSR","G002","Cytochrome","South","CI","E","CIE-2","CI-E",4125441
"155","WLDESGVFLPEEHPSR","G002","Cytochrome","South","CI","E","CIE-2","CI-E",5546279
"156","QSLLPFGATGPR","G003","Cytochrome","South","CI","E","CIE-2","CI-E",169015.5
"157","WLDESGVFLPEEHPSR","G003","Cytochrome","South","CI","E","CIE-2","CI-E",28902
"158","APNSFNLR","G001","Glycogen","South","CI","E","CIE-2","CI-E",803162
"159","TSFDAFPDK","G001","Glycogen","South","CI","E","CIE-2","CI-E",1004651
"160","APNSFNLR","G002","Glycogen","South","CI","E","CIE-2","CI-E",8713221
"161","TSFDAFPDK","G002","Glycogen","South","CI","E","CIE-2","CI-E",7899722
"162","VLYPNDNFFEGK","G002","Glycogen","South","CI","E","CIE-2","CI-E",6486217
"163","APNSFNLR","G003","Glycogen","South","CI","E","CIE-2","CI-E",257773.5
"164","TSFDAFPDK","G003","Glycogen","South","CI","E","CIE-2","CI-E",208780.5
"165","VLYPNDNFFEGK","G003","Glycogen","South","CI","E","CIE-2","CI-E",186255
"166","NAVVTVPAYFNDAQR","G001","HSP70","South","CI","E","CIE-2","CI-E",2014864
"167","NAVVTVPAYFNDAQR","G002","HSP70","South","CI","E","CIE-2","CI-E",15923853
"168","NAVVTVPAYFNDAQR","G003","HSP70","South","CI","E","CIE-2","CI-E",416110.5
"169","DSSTMGYMAAK","G001","HSP90-alpha","South","CI","E","CIE-2","CI-E",1569845
"170","EVVQSSAFVER","G001","HSP90-alpha","South","CI","E","CIE-2","CI-E",5943314
"171","GVVDSEDLPLNISR","G001","HSP90-alpha","South","CI","E","CIE-2","CI-E",4705878
"172","DSSTMGYMAAK","G002","HSP90-alpha","South","CI","E","CIE-2","CI-E",17538423
"173","EVVQSSAFVER","G002","HSP90-alpha","South","CI","E","CIE-2","CI-E",48117317
"174","GVVDSEDLPLNISR","G002","HSP90-alpha","South","CI","E","CIE-2","CI-E",42883789
"175","DSSTMGYMAAK","G003","HSP90-alpha","South","CI","E","CIE-2","CI-E",416700
"176","EVVQSSAFVER","G003","HSP90-alpha","South","CI","E","CIE-2","CI-E",1513447.5
"177","GVVDSEDLPLNISR","G003","HSP90-alpha","South","CI","E","CIE-2","CI-E",680595
"178","DNVVVIGFFK","G002","PDI","South","CI","E","CIE-2","CI-E",40311657
"179","MDSTANEVEDVK","G002","PDI","South","CI","E","CIE-2","CI-E",10243487
"180","DNVVVIGFFK","G003","PDI","South","CI","E","CIE-2","CI-E",257014.5
"181","MDSTANEVEDVK","G003","PDI","South","CI","E","CIE-2","CI-E",456781.5
"182","ALFIIDDK","G002","Peroxiredoxin-1","South","CI","E","CIE-2","CI-E",12819540
"183","ALFIIDDK","G003","Peroxiredoxin-1","South","CI","E","CIE-2","CI-E",702634.5
"184","LNSGSVGVYR","G001","Puromycin-sensitive","South","CI","E","CIE-2","CI-E",661686
"185","SIQQSVENIR","G001","Puromycin-sensitive","South","CI","E","CIE-2","CI-E",747399
"186","SLTENFVTEEQAK","G001","Puromycin-sensitive","South","CI","E","CIE-2","CI-E",682760
"187","LNSGSVGVYR","G002","Puromycin-sensitive","South","CI","E","CIE-2","CI-E",6511774
"188","SIQQSVENIR","G002","Puromycin-sensitive","South","CI","E","CIE-2","CI-E",14687381
"189","SLTENFVTEEQAK","G002","Puromycin-sensitive","South","CI","E","CIE-2","CI-E",3524984
"190","LNSGSVGVYR","G003","Puromycin-sensitive","South","CI","E","CIE-2","CI-E",248446.5
"191","SIQQSVENIR","G003","Puromycin-sensitive","South","CI","E","CIE-2","CI-E",370488
"192","SLTENFVTEEQAK","G003","Puromycin-sensitive","South","CI","E","CIE-2","CI-E",72603
"193","STIGVEFATR","G001","Ras-related","South","CI","E","CIE-2","CI-E",1619477
"194","STIGVEFATR","G002","Ras-related","South","CI","E","CIE-2","CI-E",10901775
"195","STIGVEFATR","G003","Ras-related","South","CI","E","CIE-2","CI-E",327025.5
"196","TVIEPMAGDGLR","G001","Sodium/potassium-transporting","South","CI","E","CIE-2","CI-E",74896
"197","LLDQVWPDLR","G002","Sodium/potassium-transporting","South","CI","E","CIE-2","CI-E",3661849
"198","TVIEPMAGDGLR","G002","Sodium/potassium-transporting","South","CI","E","CIE-2","CI-E",4757695
"199","LLDQVWPDLR","G003","Sodium/potassium-transporting","South","CI","E","CIE-2","CI-E",5347.5
"200","TVIEPMAGDGLR","G003","Sodium/potassium-transporting","South","CI","E","CIE-2","CI-E",75400.5
"201","THGAPTDEER","G001","Superoxide","South","CI","E","CIE-2","CI-E",184218
"202","TIVVHADVDDLGK","G001","Superoxide","South","CI","E","CIE-2","CI-E",152244
"203","TIVVHADVDDLGK","G002","Superoxide","South","CI","E","CIE-2","CI-E",3472379
"204","THGAPTDEER","G003","Superoxide","South","CI","E","CIE-2","CI-E",39082.5
"205","AAQDNGLLTDVLAYK","G001","Trifunctional","South","CI","E","CIE-2","CI-E",83552
"206","ALELGLKPK","G001","Trifunctional","South","CI","E","CIE-2","CI-E",95706
"207","AAQDNGLLTDVLAYK","G002","Trifunctional","South","CI","E","CIE-2","CI-E",1240485
"208","ALELGLKPK","G002","Trifunctional","South","CI","E","CIE-2","CI-E",2094354
"209","ALELGLKPK","G003","Trifunctional","South","CI","E","CIE-2","CI-E",12063
"210","APGLPAQIK","G007","Arachidonate","South","CI","E","CIE-3","CI-E",22443370
"211","GLGLGGVPGQNGK","G007","Arachidonate","South","CI","E","CIE-3","CI-E",8863635
"212","MDVEGTLPEDLK","G007","Arachidonate","South","CI","E","CIE-3","CI-E",9188856
"213","APGLPAQIK","G008","Arachidonate","South","CI","E","CIE-3","CI-E",13873572
"214","GLGLGGVPGQNGK","G008","Arachidonate","South","CI","E","CIE-3","CI-E",5607633
"215","MDVEGTLPEDLK","G008","Arachidonate","South","CI","E","CIE-3","CI-E",4226597
"216","APGLPAQIK","G009","Arachidonate","South","CI","E","CIE-3","CI-E",8081100
"217","GLGLGGVPGQNGK","G009","Arachidonate","South","CI","E","CIE-3","CI-E",4844897
"218","MDVEGTLPEDLK","G009","Arachidonate","South","CI","E","CIE-3","CI-E",3910675
"219","AGELGGSDPDYAMR","G007","Catalase","South","CI","E","CIE-3","CI-E",7455868
"220","LTANIAGHLIGAQEFIQK","G007","Catalase","South","CI","E","CIE-3","CI-E",1083134
"221","LYSYSDTHR","G007","Catalase","South","CI","E","CIE-3","CI-E",925977
"222","AGELGGSDPDYAMR","G008","Catalase","South","CI","E","CIE-3","CI-E",14493549
"223","LTANIAGHLIGAQEFIQK","G008","Catalase","South","CI","E","CIE-3","CI-E",697809
"224","LYSYSDTHR","G008","Catalase","South","CI","E","CIE-3","CI-E",1293635
"225","AGELGGSDPDYAMR","G009","Catalase","South","CI","E","CIE-3","CI-E",3659141
"226","LTANIAGHLIGAQEFIQK","G009","Catalase","South","CI","E","CIE-3","CI-E",701921
"227","LYSYSDTHR","G009","Catalase","South","CI","E","CIE-3","CI-E",385987
"228","IITRPFNVNGLLAYDSR","G007","Cytochrome","South","CI","E","CIE-3","CI-E",1980941
"229","QSLLPFGATGPR","G007","Cytochrome","South","CI","E","CIE-3","CI-E",6070838
"230","WLDESGVFLPEEHPSR","G007","Cytochrome","South","CI","E","CIE-3","CI-E",2545498
"231","IITRPFNVNGLLAYDSR","G008","Cytochrome","South","CI","E","CIE-3","CI-E",457279
"232","QSLLPFGATGPR","G008","Cytochrome","South","CI","E","CIE-3","CI-E",3313581
"233","WLDESGVFLPEEHPSR","G008","Cytochrome","South","CI","E","CIE-3","CI-E",1394783
"234","IITRPFNVNGLLAYDSR","G009","Cytochrome","South","CI","E","CIE-3","CI-E",1522982
"235","QSLLPFGATGPR","G009","Cytochrome","South","CI","E","CIE-3","CI-E",3550281
"236","WLDESGVFLPEEHPSR","G009","Cytochrome","South","CI","E","CIE-3","CI-E",1622710
"237","APNSFNLR","G007","Glycogen","South","CI","E","CIE-3","CI-E",4505118
"238","TSFDAFPDK","G007","Glycogen","South","CI","E","CIE-3","CI-E",5547131
"239","VLYPNDNFFEGK","G007","Glycogen","South","CI","E","CIE-3","CI-E",3721335
"240","APNSFNLR","G008","Glycogen","South","CI","E","CIE-3","CI-E",1266170
"241","TSFDAFPDK","G008","Glycogen","South","CI","E","CIE-3","CI-E",3370046
"242","VLYPNDNFFEGK","G008","Glycogen","South","CI","E","CIE-3","CI-E",2852106
"243","APNSFNLR","G009","Glycogen","South","CI","E","CIE-3","CI-E",3237042
"244","TSFDAFPDK","G009","Glycogen","South","CI","E","CIE-3","CI-E",2965511
"245","VLYPNDNFFEGK","G009","Glycogen","South","CI","E","CIE-3","CI-E",2276620
"246","NAVVTVPAYFNDAQR","G007","HSP70","South","CI","E","CIE-3","CI-E",6541743
"247","NAVVTVPAYFNDAQR","G008","HSP70","South","CI","E","CIE-3","CI-E",2933167
"248","NAVVTVPAYFNDAQR","G009","HSP70","South","CI","E","CIE-3","CI-E",4470911
"249","DSSTMGYMAAK","G007","HSP90-alpha","South","CI","E","CIE-3","CI-E",9726723
"250","EVVQSSAFVER","G007","HSP90-alpha","South","CI","E","CIE-3","CI-E",23955651
"251","GVVDSEDLPLNISR","G007","HSP90-alpha","South","CI","E","CIE-3","CI-E",22474655
"252","DSSTMGYMAAK","G008","HSP90-alpha","South","CI","E","CIE-3","CI-E",2725222
"253","EVVQSSAFVER","G008","HSP90-alpha","South","CI","E","CIE-3","CI-E",5783961
"254","GVVDSEDLPLNISR","G008","HSP90-alpha","South","CI","E","CIE-3","CI-E",12165371
"255","DSSTMGYMAAK","G009","HSP90-alpha","South","CI","E","CIE-3","CI-E",4444770
"256","EVVQSSAFVER","G009","HSP90-alpha","South","CI","E","CIE-3","CI-E",15255939
"257","GVVDSEDLPLNISR","G009","HSP90-alpha","South","CI","E","CIE-3","CI-E",13095571
"258","DNVVVIGFFK","G007","PDI","South","CI","E","CIE-3","CI-E",19741924
"259","MDSTANEVEDVK","G007","PDI","South","CI","E","CIE-3","CI-E",6186012
"260","DNVVVIGFFK","G008","PDI","South","CI","E","CIE-3","CI-E",11549930
"261","MDSTANEVEDVK","G008","PDI","South","CI","E","CIE-3","CI-E",6978891
"262","DNVVVIGFFK","G009","PDI","South","CI","E","CIE-3","CI-E",12966719
"263","MDSTANEVEDVK","G009","PDI","South","CI","E","CIE-3","CI-E",3339200
"264","ALFIIDDK","G007","Peroxiredoxin-1","South","CI","E","CIE-3","CI-E",8204274
"265","ALFIIDDK","G008","Peroxiredoxin-1","South","CI","E","CIE-3","CI-E",3764140
"266","ALFIIDDK","G009","Peroxiredoxin-1","South","CI","E","CIE-3","CI-E",5407953
"267","LNSGSVGVYR","G007","Puromycin-sensitive","South","CI","E","CIE-3","CI-E",3501574
"268","SIQQSVENIR","G007","Puromycin-sensitive","South","CI","E","CIE-3","CI-E",6621655
"269","SLTENFVTEEQAK","G007","Puromycin-sensitive","South","CI","E","CIE-3","CI-E",2523875
"270","LNSGSVGVYR","G008","Puromycin-sensitive","South","CI","E","CIE-3","CI-E",1637713
"271","SIQQSVENIR","G008","Puromycin-sensitive","South","CI","E","CIE-3","CI-E",3514242
"272","SLTENFVTEEQAK","G008","Puromycin-sensitive","South","CI","E","CIE-3","CI-E",1097350
"273","LNSGSVGVYR","G009","Puromycin-sensitive","South","CI","E","CIE-3","CI-E",2198575
"274","SIQQSVENIR","G009","Puromycin-sensitive","South","CI","E","CIE-3","CI-E",3828003
"275","SLTENFVTEEQAK","G009","Puromycin-sensitive","South","CI","E","CIE-3","CI-E",1660383
"276","STIGVEFATR","G007","Ras-related","South","CI","E","CIE-3","CI-E",9125997
"277","STIGVEFATR","G008","Ras-related","South","CI","E","CIE-3","CI-E",6391719
"278","STIGVEFATR","G009","Ras-related","South","CI","E","CIE-3","CI-E",4652855
"279","LLDQVWPDLR","G007","Sodium/potassium-transporting","South","CI","E","CIE-3","CI-E",1623878
"280","TVIEPMAGDGLR","G007","Sodium/potassium-transporting","South","CI","E","CIE-3","CI-E",1894170
"281","LLDQVWPDLR","G008","Sodium/potassium-transporting","South","CI","E","CIE-3","CI-E",818907
"282","TVIEPMAGDGLR","G008","Sodium/potassium-transporting","South","CI","E","CIE-3","CI-E",749743
"283","LLDQVWPDLR","G009","Sodium/potassium-transporting","South","CI","E","CIE-3","CI-E",1454193
"284","TVIEPMAGDGLR","G009","Sodium/potassium-transporting","South","CI","E","CIE-3","CI-E",1201617
"285","THGAPTDEER","G007","Superoxide","South","CI","E","CIE-3","CI-E",97164
"286","TIVVHADVDDLGK","G007","Superoxide","South","CI","E","CIE-3","CI-E",1456479
"287","THGAPTDEER","G008","Superoxide","South","CI","E","CIE-3","CI-E",270161
"288","TIVVHADVDDLGK","G008","Superoxide","South","CI","E","CIE-3","CI-E",780259
"289","TIVVHADVDDLGK","G009","Superoxide","South","CI","E","CIE-3","CI-E",532410
"290","AAQDNGLLTDVLAYK","G007","Trifunctional","South","CI","E","CIE-3","CI-E",679837
"291","ALELGLKPK","G007","Trifunctional","South","CI","E","CIE-3","CI-E",746127
"292","AAQDNGLLTDVLAYK","G008","Trifunctional","South","CI","E","CIE-3","CI-E",313261
"293","ALELGLKPK","G008","Trifunctional","South","CI","E","CIE-3","CI-E",886071
"294","AAQDNGLLTDVLAYK","G009","Trifunctional","South","CI","E","CIE-3","CI-E",381543
"295","ALELGLKPK","G009","Trifunctional","South","CI","E","CIE-3","CI-E",394575
"296","APGLPAQIK","G041","Arachidonate","North","FB","B","FBB-4","FB-B",8999838
"297","GLGLGGVPGQNGK","G041","Arachidonate","North","FB","B","FBB-4","FB-B",5132164
"298","MDVEGTLPEDLK","G041","Arachidonate","North","FB","B","FBB-4","FB-B",3845125
"299","APGLPAQIK","G042","Arachidonate","North","FB","B","FBB-4","FB-B",28220130
"300","GLGLGGVPGQNGK","G042","Arachidonate","North","FB","B","FBB-4","FB-B",10404249
"301","MDVEGTLPEDLK","G042","Arachidonate","North","FB","B","FBB-4","FB-B",11630829
"302","APGLPAQIK","G043","Arachidonate","North","FB","B","FBB-4","FB-B",14657255
"303","GLGLGGVPGQNGK","G043","Arachidonate","North","FB","B","FBB-4","FB-B",6856917
"304","MDVEGTLPEDLK","G043","Arachidonate","North","FB","B","FBB-4","FB-B",5519178
"305","AGELGGSDPDYAMR","G041","Catalase","North","FB","B","FBB-4","FB-B",2080068
"306","LTANIAGHLIGAQEFIQK","G041","Catalase","North","FB","B","FBB-4","FB-B",277751
"307","LYSYSDTHR","G041","Catalase","North","FB","B","FBB-4","FB-B",256644
"308","AGELGGSDPDYAMR","G042","Catalase","North","FB","B","FBB-4","FB-B",6943813.5
"309","LTANIAGHLIGAQEFIQK","G042","Catalase","North","FB","B","FBB-4","FB-B",1384200
"310","AGELGGSDPDYAMR","G043","Catalase","North","FB","B","FBB-4","FB-B",1729932
"311","LTANIAGHLIGAQEFIQK","G043","Catalase","North","FB","B","FBB-4","FB-B",375564
"312","LYSYSDTHR","G043","Catalase","North","FB","B","FBB-4","FB-B",303496
"313","IITRPFNVNGLLAYDSR","G041","Cytochrome","North","FB","B","FBB-4","FB-B",832630
"314","QSLLPFGATGPR","G041","Cytochrome","North","FB","B","FBB-4","FB-B",1902178
"315","WLDESGVFLPEEHPSR","G041","Cytochrome","North","FB","B","FBB-4","FB-B",820413
"316","IITRPFNVNGLLAYDSR","G042","Cytochrome","North","FB","B","FBB-4","FB-B",1235043
"317","QSLLPFGATGPR","G042","Cytochrome","North","FB","B","FBB-4","FB-B",354678
"318","WLDESGVFLPEEHPSR","G042","Cytochrome","North","FB","B","FBB-4","FB-B",1747891.5
"319","IITRPFNVNGLLAYDSR","G043","Cytochrome","North","FB","B","FBB-4","FB-B",1230961
"320","QSLLPFGATGPR","G043","Cytochrome","North","FB","B","FBB-4","FB-B",2617564
"321","WLDESGVFLPEEHPSR","G043","Cytochrome","North","FB","B","FBB-4","FB-B",1278110
"322","APNSFNLR","G041","Glycogen","North","FB","B","FBB-4","FB-B",2455836
"323","TSFDAFPDK","G041","Glycogen","North","FB","B","FBB-4","FB-B",2364631
"324","VLYPNDNFFEGK","G041","Glycogen","North","FB","B","FBB-4","FB-B",1825416
"325","APNSFNLR","G042","Glycogen","North","FB","B","FBB-4","FB-B",6024267
"326","TSFDAFPDK","G042","Glycogen","North","FB","B","FBB-4","FB-B",6134796
"327","VLYPNDNFFEGK","G042","Glycogen","North","FB","B","FBB-4","FB-B",4881043.5
"328","APNSFNLR","G043","Glycogen","North","FB","B","FBB-4","FB-B",2758276
"329","TSFDAFPDK","G043","Glycogen","North","FB","B","FBB-4","FB-B",2863707
"330","VLYPNDNFFEGK","G043","Glycogen","North","FB","B","FBB-4","FB-B",2242267
"331","NAVVTVPAYFNDAQR","G041","HSP70","North","FB","B","FBB-4","FB-B",7596008
"332","NAVVTVPAYFNDAQR","G042","HSP70","North","FB","B","FBB-4","FB-B",13681318.5
"333","NAVVTVPAYFNDAQR","G043","HSP70","North","FB","B","FBB-4","FB-B",8873991
"334","DSSTMGYMAAK","G041","HSP90-alpha","North","FB","B","FBB-4","FB-B",7651804
"335","EVVQSSAFVER","G041","HSP90-alpha","North","FB","B","FBB-4","FB-B",23783319
"336","GVVDSEDLPLNISR","G041","HSP90-alpha","North","FB","B","FBB-4","FB-B",16361023
"337","DSSTMGYMAAK","G042","HSP90-alpha","North","FB","B","FBB-4","FB-B",17616028.5
"338","EVVQSSAFVER","G042","HSP90-alpha","North","FB","B","FBB-4","FB-B",40123138.5
"339","GVVDSEDLPLNISR","G042","HSP90-alpha","North","FB","B","FBB-4","FB-B",49959646.5
"340","DSSTMGYMAAK","G043","HSP90-alpha","North","FB","B","FBB-4","FB-B",4445695
"341","EVVQSSAFVER","G043","HSP90-alpha","North","FB","B","FBB-4","FB-B",20646143
"342","GVVDSEDLPLNISR","G043","HSP90-alpha","North","FB","B","FBB-4","FB-B",19867279
"343","DNVVVIGFFK","G041","PDI","North","FB","B","FBB-4","FB-B",14414581
"344","MDSTANEVEDVK","G041","PDI","North","FB","B","FBB-4","FB-B",3764364
"345","DNVVVIGFFK","G042","PDI","North","FB","B","FBB-4","FB-B",33336862.5
"346","DNVVVIGFFK","G043","PDI","North","FB","B","FBB-4","FB-B",19310535
"347","ALFIIDDK","G041","Peroxiredoxin-1","North","FB","B","FBB-4","FB-B",4763544
"348","ALFIIDDK","G042","Peroxiredoxin-1","North","FB","B","FBB-4","FB-B",14096658
"349","ALFIIDDK","G043","Peroxiredoxin-1","North","FB","B","FBB-4","FB-B",5565400
"350","LNSGSVGVYR","G041","Puromycin-sensitive","North","FB","B","FBB-4","FB-B",2166048
"351","SIQQSVENIR","G041","Puromycin-sensitive","North","FB","B","FBB-4","FB-B",3250345
"352","SLTENFVTEEQAK","G041","Puromycin-sensitive","North","FB","B","FBB-4","FB-B",1543644
"353","LNSGSVGVYR","G042","Puromycin-sensitive","North","FB","B","FBB-4","FB-B",5767912.5
"354","SIQQSVENIR","G042","Puromycin-sensitive","North","FB","B","FBB-4","FB-B",11298751.5
"355","SLTENFVTEEQAK","G042","Puromycin-sensitive","North","FB","B","FBB-4","FB-B",4408005
"356","LNSGSVGVYR","G043","Puromycin-sensitive","North","FB","B","FBB-4","FB-B",2083706
"357","SIQQSVENIR","G043","Puromycin-sensitive","North","FB","B","FBB-4","FB-B",3331089
"358","SLTENFVTEEQAK","G043","Puromycin-sensitive","North","FB","B","FBB-4","FB-B",1551309
"359","STIGVEFATR","G041","Ras-related","North","FB","B","FBB-4","FB-B",3965473
"360","STIGVEFATR","G042","Ras-related","North","FB","B","FBB-4","FB-B",11664198
"361","STIGVEFATR","G043","Ras-related","North","FB","B","FBB-4","FB-B",4392600
"362","LLDQVWPDLR","G041","Sodium/potassium-transporting","North","FB","B","FBB-4","FB-B",968260
"363","TVIEPMAGDGLR","G041","Sodium/potassium-transporting","North","FB","B","FBB-4","FB-B",891726
"364","LLDQVWPDLR","G042","Sodium/potassium-transporting","North","FB","B","FBB-4","FB-B",1887729
"365","TVIEPMAGDGLR","G042","Sodium/potassium-transporting","North","FB","B","FBB-4","FB-B",2221174.5
"366","LLDQVWPDLR","G043","Sodium/potassium-transporting","North","FB","B","FBB-4","FB-B",1087519
"367","TVIEPMAGDGLR","G043","Sodium/potassium-transporting","North","FB","B","FBB-4","FB-B",840193
"368","THGAPTDEER","G041","Superoxide","North","FB","B","FBB-4","FB-B",122556
"369","TIVVHADVDDLGK","G041","Superoxide","North","FB","B","FBB-4","FB-B",416520
"370","TIVVHADVDDLGK","G042","Superoxide","North","FB","B","FBB-4","FB-B",1848043.5
"371","THGAPTDEER","G043","Superoxide","North","FB","B","FBB-4","FB-B",45395
"372","TIVVHADVDDLGK","G043","Superoxide","North","FB","B","FBB-4","FB-B",437496
"373","AAQDNGLLTDVLAYK","G041","Trifunctional","North","FB","B","FBB-4","FB-B",482505
"374","ALELGLKPK","G041","Trifunctional","North","FB","B","FBB-4","FB-B",475670
"375","AAQDNGLLTDVLAYK","G042","Trifunctional","North","FB","B","FBB-4","FB-B",1452354
"376","ALELGLKPK","G042","Trifunctional","North","FB","B","FBB-4","FB-B",1557295.5
"377","AAQDNGLLTDVLAYK","G043","Trifunctional","North","FB","B","FBB-4","FB-B",551017
"378","ALELGLKPK","G043","Trifunctional","North","FB","B","FBB-4","FB-B",494730
"379","APGLPAQIK","G060","Arachidonate","North","FB","B","FBB-5","FB-B",33126245
"380","GLGLGGVPGQNGK","G060","Arachidonate","North","FB","B","FBB-5","FB-B",11640154
"381","MDVEGTLPEDLK","G060","Arachidonate","North","FB","B","FBB-5","FB-B",13404834
"382","AGELGGSDPDYAMR","G060","Catalase","North","FB","B","FBB-5","FB-B",5330185
"383","LTANIAGHLIGAQEFIQK","G060","Catalase","North","FB","B","FBB-5","FB-B",1002375
"384","LYSYSDTHR","G060","Catalase","North","FB","B","FBB-5","FB-B",834676
"385","IITRPFNVNGLLAYDSR","G060","Cytochrome","North","FB","B","FBB-5","FB-B",1822361
"386","QSLLPFGATGPR","G060","Cytochrome","North","FB","B","FBB-5","FB-B",5380672
"387","WLDESGVFLPEEHPSR","G060","Cytochrome","North","FB","B","FBB-5","FB-B",2348130
"388","APNSFNLR","G060","Glycogen","North","FB","B","FBB-5","FB-B",7010526
"389","TSFDAFPDK","G060","Glycogen","North","FB","B","FBB-5","FB-B",5481144
"390","VLYPNDNFFEGK","G060","Glycogen","North","FB","B","FBB-5","FB-B",4599228
"391","NAVVTVPAYFNDAQR","G060","HSP70","North","FB","B","FBB-5","FB-B",14022347
"392","DSSTMGYMAAK","G060","HSP90-alpha","North","FB","B","FBB-5","FB-B",15395896
"393","EVVQSSAFVER","G060","HSP90-alpha","North","FB","B","FBB-5","FB-B",41803199
"394","GVVDSEDLPLNISR","G060","HSP90-alpha","North","FB","B","FBB-5","FB-B",43115229
"395","DNVVVIGFFK","G060","PDI","North","FB","B","FBB-5","FB-B",36619760
"396","MDSTANEVEDVK","G060","PDI","North","FB","B","FBB-5","FB-B",9988532
"397","ALFIIDDK","G060","Peroxiredoxin-1","North","FB","B","FBB-5","FB-B",1302041
"398","LNSGSVGVYR","G060","Puromycin-sensitive","North","FB","B","FBB-5","FB-B",6129140
"399","SIQQSVENIR","G060","Puromycin-sensitive","North","FB","B","FBB-5","FB-B",10987489
"400","SLTENFVTEEQAK","G060","Puromycin-sensitive","North","FB","B","FBB-5","FB-B",3325965
"401","STIGVEFATR","G060","Ras-related","North","FB","B","FBB-5","FB-B",8926844
"402","LLDQVWPDLR","G060","Sodium/potassium-transporting","North","FB","B","FBB-5","FB-B",1784386
"403","TVIEPMAGDGLR","G060","Sodium/potassium-transporting","North","FB","B","FBB-5","FB-B",2272372
"404","TIVVHADVDDLGK","G060","Superoxide","North","FB","B","FBB-5","FB-B",1741864
"405","AAQDNGLLTDVLAYK","G060","Trifunctional","North","FB","B","FBB-5","FB-B",898617
"406","ALELGLKPK","G060","Trifunctional","North","FB","B","FBB-5","FB-B",1623546
"407","APGLPAQIK","G040","Arachidonate","North","FB","B","FBB-6","FB-B",37289119
"408","GLGLGGVPGQNGK","G040","Arachidonate","North","FB","B","FBB-6","FB-B",13014000
"409","MDVEGTLPEDLK","G040","Arachidonate","North","FB","B","FBB-6","FB-B",13196329
"410","AGELGGSDPDYAMR","G040","Catalase","North","FB","B","FBB-6","FB-B",6609527
"411","LTANIAGHLIGAQEFIQK","G040","Catalase","North","FB","B","FBB-6","FB-B",1119323
"412","LYSYSDTHR","G040","Catalase","North","FB","B","FBB-6","FB-B",706243
"413","IITRPFNVNGLLAYDSR","G040","Cytochrome","North","FB","B","FBB-6","FB-B",1492671
"414","QSLLPFGATGPR","G040","Cytochrome","North","FB","B","FBB-6","FB-B",4500837
"415","WLDESGVFLPEEHPSR","G040","Cytochrome","North","FB","B","FBB-6","FB-B",1739165
"416","APNSFNLR","G040","Glycogen","North","FB","B","FBB-6","FB-B",4888805
"417","TSFDAFPDK","G040","Glycogen","North","FB","B","FBB-6","FB-B",4790582
"418","VLYPNDNFFEGK","G040","Glycogen","North","FB","B","FBB-6","FB-B",3516423
"419","NAVVTVPAYFNDAQR","G040","HSP70","North","FB","B","FBB-6","FB-B",11200613
"420","DSSTMGYMAAK","G040","HSP90-alpha","North","FB","B","FBB-6","FB-B",12936012
"421","EVVQSSAFVER","G040","HSP90-alpha","North","FB","B","FBB-6","FB-B",31563404
"422","GVVDSEDLPLNISR","G040","HSP90-alpha","North","FB","B","FBB-6","FB-B",31346201
"423","DNVVVIGFFK","G040","PDI","North","FB","B","FBB-6","FB-B",28323525
"424","MDSTANEVEDVK","G040","PDI","North","FB","B","FBB-6","FB-B",10081515
"425","ALFIIDDK","G040","Peroxiredoxin-1","North","FB","B","FBB-6","FB-B",6962560
"426","LNSGSVGVYR","G040","Puromycin-sensitive","North","FB","B","FBB-6","FB-B",3332053
"427","SIQQSVENIR","G040","Puromycin-sensitive","North","FB","B","FBB-6","FB-B",6641864
"428","SLTENFVTEEQAK","G040","Puromycin-sensitive","North","FB","B","FBB-6","FB-B",2291537
"429","STIGVEFATR","G040","Ras-related","North","FB","B","FBB-6","FB-B",6838801
"430","LLDQVWPDLR","G040","Sodium/potassium-transporting","North","FB","B","FBB-6","FB-B",1629387
"431","TVIEPMAGDGLR","G040","Sodium/potassium-transporting","North","FB","B","FBB-6","FB-B",1882179
"432","THGAPTDEER","G040","Superoxide","North","FB","B","FBB-6","FB-B",340120
"433","TIVVHADVDDLGK","G040","Superoxide","North","FB","B","FBB-6","FB-B",1408921
"434","AAQDNGLLTDVLAYK","G040","Trifunctional","North","FB","B","FBB-6","FB-B",898862
"435","ALELGLKPK","G040","Trifunctional","North","FB","B","FBB-6","FB-B",1398024
"436","APGLPAQIK","G045","Arachidonate","North","FB","E","FBE-1","FB-E",13362211
"437","GLGLGGVPGQNGK","G045","Arachidonate","North","FB","E","FBE-1","FB-E",6084323
"438","MDVEGTLPEDLK","G045","Arachidonate","North","FB","E","FBE-1","FB-E",5982694
"439","APGLPAQIK","G047","Arachidonate","North","FB","E","FBE-1","FB-E",10400371
"440","GLGLGGVPGQNGK","G047","Arachidonate","North","FB","E","FBE-1","FB-E",5050581
"441","MDVEGTLPEDLK","G047","Arachidonate","North","FB","E","FBE-1","FB-E",4254640
"442","APGLPAQIK","G049","Arachidonate","North","FB","E","FBE-1","FB-E",29985544
"443","GLGLGGVPGQNGK","G049","Arachidonate","North","FB","E","FBE-1","FB-E",10707688
"444","MDVEGTLPEDLK","G049","Arachidonate","North","FB","E","FBE-1","FB-E",9712121
"445","AGELGGSDPDYAMR","G045","Catalase","North","FB","E","FBE-1","FB-E",1991201
"446","LTANIAGHLIGAQEFIQK","G045","Catalase","North","FB","E","FBE-1","FB-E",633699
"447","AGELGGSDPDYAMR","G047","Catalase","North","FB","E","FBE-1","FB-E",1759647
"448","LTANIAGHLIGAQEFIQK","G047","Catalase","North","FB","E","FBE-1","FB-E",329636
"449","AGELGGSDPDYAMR","G049","Catalase","North","FB","E","FBE-1","FB-E",2757560
"450","LTANIAGHLIGAQEFIQK","G049","Catalase","North","FB","E","FBE-1","FB-E",940395
"451","LYSYSDTHR","G049","Catalase","North","FB","E","FBE-1","FB-E",722397
"452","IITRPFNVNGLLAYDSR","G045","Cytochrome","North","FB","E","FBE-1","FB-E",1325906
"453","QSLLPFGATGPR","G045","Cytochrome","North","FB","E","FBE-1","FB-E",3164583
"454","WLDESGVFLPEEHPSR","G045","Cytochrome","North","FB","E","FBE-1","FB-E",1477319
"455","IITRPFNVNGLLAYDSR","G047","Cytochrome","North","FB","E","FBE-1","FB-E",490464
"456","QSLLPFGATGPR","G047","Cytochrome","North","FB","E","FBE-1","FB-E",1275937
"457","WLDESGVFLPEEHPSR","G047","Cytochrome","North","FB","E","FBE-1","FB-E",561723
"458","IITRPFNVNGLLAYDSR","G049","Cytochrome","North","FB","E","FBE-1","FB-E",2223386
"459","QSLLPFGATGPR","G049","Cytochrome","North","FB","E","FBE-1","FB-E",6664122
"460","WLDESGVFLPEEHPSR","G049","Cytochrome","North","FB","E","FBE-1","FB-E",2658460
"461","APNSFNLR","G045","Glycogen","North","FB","E","FBE-1","FB-E",3500027
"462","TSFDAFPDK","G045","Glycogen","North","FB","E","FBE-1","FB-E",3064408
"463","VLYPNDNFFEGK","G045","Glycogen","North","FB","E","FBE-1","FB-E",2531512
"464","APNSFNLR","G047","Glycogen","North","FB","E","FBE-1","FB-E",2325241
"465","TSFDAFPDK","G047","Glycogen","North","FB","E","FBE-1","FB-E",2177623
"466","VLYPNDNFFEGK","G047","Glycogen","North","FB","E","FBE-1","FB-E",1545155
"467","APNSFNLR","G049","Glycogen","North","FB","E","FBE-1","FB-E",6547935
"468","TSFDAFPDK","G049","Glycogen","North","FB","E","FBE-1","FB-E",5543128
"469","VLYPNDNFFEGK","G049","Glycogen","North","FB","E","FBE-1","FB-E",4547634
"470","NAVVTVPAYFNDAQR","G045","HSP70","North","FB","E","FBE-1","FB-E",8830942
"471","NAVVTVPAYFNDAQR","G047","HSP70","North","FB","E","FBE-1","FB-E",6842489
"472","NAVVTVPAYFNDAQR","G049","HSP70","North","FB","E","FBE-1","FB-E",16631038
"473","DSSTMGYMAAK","G045","HSP90-alpha","North","FB","E","FBE-1","FB-E",6197663
"474","EVVQSSAFVER","G045","HSP90-alpha","North","FB","E","FBE-1","FB-E",24054777
"475","GVVDSEDLPLNISR","G045","HSP90-alpha","North","FB","E","FBE-1","FB-E",22424591
"476","EVVQSSAFVER","G047","HSP90-alpha","North","FB","E","FBE-1","FB-E",17985167
"477","GVVDSEDLPLNISR","G047","HSP90-alpha","North","FB","E","FBE-1","FB-E",16344608
"478","DSSTMGYMAAK","G049","HSP90-alpha","North","FB","E","FBE-1","FB-E",17638500
"479","EVVQSSAFVER","G049","HSP90-alpha","North","FB","E","FBE-1","FB-E",54361964
"480","GVVDSEDLPLNISR","G049","HSP90-alpha","North","FB","E","FBE-1","FB-E",46956265
"481","DNVVVIGFFK","G045","PDI","North","FB","E","FBE-1","FB-E",21391073
"482","MDSTANEVEDVK","G045","PDI","North","FB","E","FBE-1","FB-E",4563546
"483","DNVVVIGFFK","G047","PDI","North","FB","E","FBE-1","FB-E",14535292
"484","DNVVVIGFFK","G049","PDI","North","FB","E","FBE-1","FB-E",35269757
"485","MDSTANEVEDVK","G049","PDI","North","FB","E","FBE-1","FB-E",9264281
"486","ALFIIDDK","G045","Peroxiredoxin-1","North","FB","E","FBE-1","FB-E",6384132
"487","ALFIIDDK","G047","Peroxiredoxin-1","North","FB","E","FBE-1","FB-E",4629533
"488","ALFIIDDK","G049","Peroxiredoxin-1","North","FB","E","FBE-1","FB-E",11283773
"489","LNSGSVGVYR","G045","Puromycin-sensitive","North","FB","E","FBE-1","FB-E",2445548
"490","SIQQSVENIR","G045","Puromycin-sensitive","North","FB","E","FBE-1","FB-E",4018719
"491","SLTENFVTEEQAK","G045","Puromycin-sensitive","North","FB","E","FBE-1","FB-E",1765864
"492","SIQQSVENIR","G047","Puromycin-sensitive","North","FB","E","FBE-1","FB-E",3156442
"493","SLTENFVTEEQAK","G047","Puromycin-sensitive","North","FB","E","FBE-1","FB-E",1468833
"494","LNSGSVGVYR","G049","Puromycin-sensitive","North","FB","E","FBE-1","FB-E",6349042
"495","SIQQSVENIR","G049","Puromycin-sensitive","North","FB","E","FBE-1","FB-E",11272969
"496","SLTENFVTEEQAK","G049","Puromycin-sensitive","North","FB","E","FBE-1","FB-E",3729497
"497","STIGVEFATR","G045","Ras-related","North","FB","E","FBE-1","FB-E",4884335
"498","STIGVEFATR","G047","Ras-related","North","FB","E","FBE-1","FB-E",3359928
"499","STIGVEFATR","G049","Ras-related","North","FB","E","FBE-1","FB-E",8995984
"500","LLDQVWPDLR","G045","Sodium/potassium-transporting","North","FB","E","FBE-1","FB-E",912741
"501","TVIEPMAGDGLR","G045","Sodium/potassium-transporting","North","FB","E","FBE-1","FB-E",881135
"502","LLDQVWPDLR","G047","Sodium/potassium-transporting","North","FB","E","FBE-1","FB-E",810221
"503","TVIEPMAGDGLR","G047","Sodium/potassium-transporting","North","FB","E","FBE-1","FB-E",795451
"504","LLDQVWPDLR","G049","Sodium/potassium-transporting","North","FB","E","FBE-1","FB-E",1919740
"505","TVIEPMAGDGLR","G049","Sodium/potassium-transporting","North","FB","E","FBE-1","FB-E",2327981
"506","TIVVHADVDDLGK","G045","Superoxide","North","FB","E","FBE-1","FB-E",636221
"507","TIVVHADVDDLGK","G047","Superoxide","North","FB","E","FBE-1","FB-E",322996
"508","TIVVHADVDDLGK","G049","Superoxide","North","FB","E","FBE-1","FB-E",1443520
"509","AAQDNGLLTDVLAYK","G045","Trifunctional","North","FB","E","FBE-1","FB-E",623449
"510","ALELGLKPK","G045","Trifunctional","North","FB","E","FBE-1","FB-E",670890
"511","AAQDNGLLTDVLAYK","G047","Trifunctional","North","FB","E","FBE-1","FB-E",422133
"512","ALELGLKPK","G047","Trifunctional","North","FB","E","FBE-1","FB-E",528807
"513","AAQDNGLLTDVLAYK","G049","Trifunctional","North","FB","E","FBE-1","FB-E",1302003
"514","ALELGLKPK","G049","Trifunctional","North","FB","E","FBE-1","FB-E",1363292
"515","APGLPAQIK","G054","Arachidonate","North","FB","E","FBE-2","FB-E",14263956
"516","GLGLGGVPGQNGK","G054","Arachidonate","North","FB","E","FBE-2","FB-E",6630661
"517","MDVEGTLPEDLK","G054","Arachidonate","North","FB","E","FBE-2","FB-E",5272842
"518","AGELGGSDPDYAMR","G054","Catalase","North","FB","E","FBE-2","FB-E",2246550
"519","LTANIAGHLIGAQEFIQK","G054","Catalase","North","FB","E","FBE-2","FB-E",375389
"520","LYSYSDTHR","G054","Catalase","North","FB","E","FBE-2","FB-E",338448
"521","IITRPFNVNGLLAYDSR","G054","Cytochrome","North","FB","E","FBE-2","FB-E",1357637
"522","WLDESGVFLPEEHPSR","G054","Cytochrome","North","FB","E","FBE-2","FB-E",1417550
"523","APNSFNLR","G054","Glycogen","North","FB","E","FBE-2","FB-E",3676950
"524","TSFDAFPDK","G054","Glycogen","North","FB","E","FBE-2","FB-E",3444990
"525","VLYPNDNFFEGK","G054","Glycogen","North","FB","E","FBE-2","FB-E",2275204
"526","NAVVTVPAYFNDAQR","G054","HSP70","North","FB","E","FBE-2","FB-E",8713230
"527","DSSTMGYMAAK","G054","HSP90-alpha","North","FB","E","FBE-2","FB-E",9560318
"528","EVVQSSAFVER","G054","HSP90-alpha","North","FB","E","FBE-2","FB-E",34558608
"529","GVVDSEDLPLNISR","G054","HSP90-alpha","North","FB","E","FBE-2","FB-E",24760106
"530","DNVVVIGFFK","G054","PDI","North","FB","E","FBE-2","FB-E",28310323
"531","MDSTANEVEDVK","G054","PDI","North","FB","E","FBE-2","FB-E",5947556
"532","ALFIIDDK","G054","Peroxiredoxin-1","North","FB","E","FBE-2","FB-E",6910304
"533","LNSGSVGVYR","G054","Puromycin-sensitive","North","FB","E","FBE-2","FB-E",3411425
"534","SIQQSVENIR","G054","Puromycin-sensitive","North","FB","E","FBE-2","FB-E",5672169
"535","SLTENFVTEEQAK","G054","Puromycin-sensitive","North","FB","E","FBE-2","FB-E",2493063
"536","STIGVEFATR","G054","Ras-related","North","FB","E","FBE-2","FB-E",6574368
"537","LLDQVWPDLR","G054","Sodium/potassium-transporting","North","FB","E","FBE-2","FB-E",1346426
"538","TVIEPMAGDGLR","G054","Sodium/potassium-transporting","North","FB","E","FBE-2","FB-E",1100445
"539","THGAPTDEER","G054","Superoxide","North","FB","E","FBE-2","FB-E",54438
"540","TIVVHADVDDLGK","G054","Superoxide","North","FB","E","FBE-2","FB-E",633377
"541","AAQDNGLLTDVLAYK","G054","Trifunctional","North","FB","E","FBE-2","FB-E",666902
"542","ALELGLKPK","G054","Trifunctional","North","FB","E","FBE-2","FB-E",671664
"543","GLGLGGVPGQNGK","G055","Arachidonate","North","FB","E","FBE-3","FB-E",11511957
"544","MDVEGTLPEDLK","G055","Arachidonate","North","FB","E","FBE-3","FB-E",12968440.5
"545","AGELGGSDPDYAMR","G055","Catalase","North","FB","E","FBE-3","FB-E",6961992
"546","LTANIAGHLIGAQEFIQK","G055","Catalase","North","FB","E","FBE-3","FB-E",886557
"547","LYSYSDTHR","G055","Catalase","North","FB","E","FBE-3","FB-E",772282.5
"548","IITRPFNVNGLLAYDSR","G055","Cytochrome","North","FB","E","FBE-3","FB-E",2347035
"549","QSLLPFGATGPR","G055","Cytochrome","North","FB","E","FBE-3","FB-E",580659
"550","WLDESGVFLPEEHPSR","G055","Cytochrome","North","FB","E","FBE-3","FB-E",2599813.5
"551","TSFDAFPDK","G055","Glycogen","North","FB","E","FBE-3","FB-E",5894194.5
"552","VLYPNDNFFEGK","G055","Glycogen","North","FB","E","FBE-3","FB-E",3894577.5
"553","NAVVTVPAYFNDAQR","G055","HSP70","North","FB","E","FBE-3","FB-E",2205192
"554","DSSTMGYMAAK","G055","HSP90-alpha","North","FB","E","FBE-3","FB-E",21470383.5
"555","EVVQSSAFVER","G055","HSP90-alpha","North","FB","E","FBE-3","FB-E",53300382
"556","DNVVVIGFFK","G055","PDI","North","FB","E","FBE-3","FB-E",45590815.5
"557","MDSTANEVEDVK","G055","PDI","North","FB","E","FBE-3","FB-E",12705735
"558","LNSGSVGVYR","G055","Puromycin-sensitive","North","FB","E","FBE-3","FB-E",6868317
"559","SLTENFVTEEQAK","G055","Puromycin-sensitive","North","FB","E","FBE-3","FB-E",4167448.5
"560","STIGVEFATR","G055","Ras-related","North","FB","E","FBE-3","FB-E",12219564
"561","LLDQVWPDLR","G055","Sodium/potassium-transporting","North","FB","E","FBE-3","FB-E",2315131.5
"562","TVIEPMAGDGLR","G055","Sodium/potassium-transporting","North","FB","E","FBE-3","FB-E",2677786.5
"563","TIVVHADVDDLGK","G055","Superoxide","North","FB","E","FBE-3","FB-E",1836586.5
"564","ALELGLKPK","G055","Trifunctional","North","FB","E","FBE-3","FB-E",1685389.5
"565","APGLPAQIK","G062","Arachidonate","North","PG","B","PGB-4","PG-B",6861011
"566","GLGLGGVPGQNGK","G062","Arachidonate","North","PG","B","PGB-4","PG-B",3764340
"567","MDVEGTLPEDLK","G062","Arachidonate","North","PG","B","PGB-4","PG-B",3089026
"568","APGLPAQIK","G064","Arachidonate","North","PG","B","PGB-4","PG-B",21315280
"569","GLGLGGVPGQNGK","G064","Arachidonate","North","PG","B","PGB-4","PG-B",8330245
"570","MDVEGTLPEDLK","G064","Arachidonate","North","PG","B","PGB-4","PG-B",12526347
"571","AGELGGSDPDYAMR","G062","Catalase","North","PG","B","PGB-4","PG-B",1594278
"572","LTANIAGHLIGAQEFIQK","G062","Catalase","North","PG","B","PGB-4","PG-B",413814
"573","LYSYSDTHR","G062","Catalase","North","PG","B","PGB-4","PG-B",158155
"574","AGELGGSDPDYAMR","G064","Catalase","North","PG","B","PGB-4","PG-B",4581395
"575","LTANIAGHLIGAQEFIQK","G064","Catalase","North","PG","B","PGB-4","PG-B",859691
"576","LYSYSDTHR","G064","Catalase","North","PG","B","PGB-4","PG-B",691173
"577","IITRPFNVNGLLAYDSR","G062","Cytochrome","North","PG","B","PGB-4","PG-B",920341
"578","QSLLPFGATGPR","G062","Cytochrome","North","PG","B","PGB-4","PG-B",2063013
"579","WLDESGVFLPEEHPSR","G062","Cytochrome","North","PG","B","PGB-4","PG-B",932460
"580","IITRPFNVNGLLAYDSR","G064","Cytochrome","North","PG","B","PGB-4","PG-B",1454815
"581","QSLLPFGATGPR","G064","Cytochrome","North","PG","B","PGB-4","PG-B",3810381
"582","WLDESGVFLPEEHPSR","G064","Cytochrome","North","PG","B","PGB-4","PG-B",1641977
"583","APNSFNLR","G062","Glycogen","North","PG","B","PGB-4","PG-B",2028341
"584","TSFDAFPDK","G062","Glycogen","North","PG","B","PGB-4","PG-B",2016259
"585","VLYPNDNFFEGK","G062","Glycogen","North","PG","B","PGB-4","PG-B",1426899
"586","APNSFNLR","G064","Glycogen","North","PG","B","PGB-4","PG-B",4311813
"587","TSFDAFPDK","G064","Glycogen","North","PG","B","PGB-4","PG-B",5053269
"588","VLYPNDNFFEGK","G064","Glycogen","North","PG","B","PGB-4","PG-B",3651530
"589","NAVVTVPAYFNDAQR","G062","HSP70","North","PG","B","PGB-4","PG-B",4971331
"590","NAVVTVPAYFNDAQR","G064","HSP70","North","PG","B","PGB-4","PG-B",13862488
"591","DSSTMGYMAAK","G062","HSP90-alpha","North","PG","B","PGB-4","PG-B",4845500
"592","EVVQSSAFVER","G062","HSP90-alpha","North","PG","B","PGB-4","PG-B",19198266
"593","GVVDSEDLPLNISR","G062","HSP90-alpha","North","PG","B","PGB-4","PG-B",12656984
"594","DSSTMGYMAAK","G064","HSP90-alpha","North","PG","B","PGB-4","PG-B",20215775
"595","EVVQSSAFVER","G064","HSP90-alpha","North","PG","B","PGB-4","PG-B",52439561
"596","GVVDSEDLPLNISR","G064","HSP90-alpha","North","PG","B","PGB-4","PG-B",39358612
"597","DNVVVIGFFK","G062","PDI","North","PG","B","PGB-4","PG-B",15077290
"598","MDSTANEVEDVK","G062","PDI","North","PG","B","PGB-4","PG-B",4300609
"599","DNVVVIGFFK","G064","PDI","North","PG","B","PGB-4","PG-B",35675322
"600","MDSTANEVEDVK","G064","PDI","North","PG","B","PGB-4","PG-B",9987867
"601","ALFIIDDK","G062","Peroxiredoxin-1","North","PG","B","PGB-4","PG-B",3555658
"602","ALFIIDDK","G064","Peroxiredoxin-1","North","PG","B","PGB-4","PG-B",10706304
"603","LNSGSVGVYR","G062","Puromycin-sensitive","North","PG","B","PGB-4","PG-B",2022358
"604","SIQQSVENIR","G062","Puromycin-sensitive","North","PG","B","PGB-4","PG-B",3057726
"605","SLTENFVTEEQAK","G062","Puromycin-sensitive","North","PG","B","PGB-4","PG-B",1301307
"606","LNSGSVGVYR","G064","Puromycin-sensitive","North","PG","B","PGB-4","PG-B",5910427
"607","SIQQSVENIR","G064","Puromycin-sensitive","North","PG","B","PGB-4","PG-B",10447669
"608","SLTENFVTEEQAK","G064","Puromycin-sensitive","North","PG","B","PGB-4","PG-B",3907574
"609","STIGVEFATR","G062","Ras-related","North","PG","B","PGB-4","PG-B",3580173
"610","STIGVEFATR","G064","Ras-related","North","PG","B","PGB-4","PG-B",11187842
"611","LLDQVWPDLR","G062","Sodium/potassium-transporting","North","PG","B","PGB-4","PG-B",735212
"612","TVIEPMAGDGLR","G062","Sodium/potassium-transporting","North","PG","B","PGB-4","PG-B",681122
"613","LLDQVWPDLR","G064","Sodium/potassium-transporting","North","PG","B","PGB-4","PG-B",1424472
"614","TVIEPMAGDGLR","G064","Sodium/potassium-transporting","North","PG","B","PGB-4","PG-B",2027543
"615","THGAPTDEER","G062","Superoxide","North","PG","B","PGB-4","PG-B",177868
"616","TIVVHADVDDLGK","G062","Superoxide","North","PG","B","PGB-4","PG-B",155002
"617","TIVVHADVDDLGK","G064","Superoxide","North","PG","B","PGB-4","PG-B",1546670
"618","AAQDNGLLTDVLAYK","G062","Trifunctional","North","PG","B","PGB-4","PG-B",249803
"619","ALELGLKPK","G062","Trifunctional","North","PG","B","PGB-4","PG-B",348450
"620","AAQDNGLLTDVLAYK","G064","Trifunctional","North","PG","B","PGB-4","PG-B",873348
"621","ALELGLKPK","G064","Trifunctional","North","PG","B","PGB-4","PG-B",1026622
"622","APGLPAQIK","G079","Arachidonate","North","PG","B","PGB-5","PG-B",27364037
"623","GLGLGGVPGQNGK","G079","Arachidonate","North","PG","B","PGB-5","PG-B",10077498
"624","MDVEGTLPEDLK","G079","Arachidonate","North","PG","B","PGB-5","PG-B",11642429
"625","APGLPAQIK","G081","Arachidonate","North","PG","B","PGB-5","PG-B",7311950
"626","GLGLGGVPGQNGK","G081","Arachidonate","North","PG","B","PGB-5","PG-B",3342461
"627","MDVEGTLPEDLK","G081","Arachidonate","North","PG","B","PGB-5","PG-B",3010967
"628","AGELGGSDPDYAMR","G079","Catalase","North","PG","B","PGB-5","PG-B",7870804
"629","LTANIAGHLIGAQEFIQK","G079","Catalase","North","PG","B","PGB-5","PG-B",1137825
"630","AGELGGSDPDYAMR","G081","Catalase","North","PG","B","PGB-5","PG-B",1705021
"631","LTANIAGHLIGAQEFIQK","G081","Catalase","North","PG","B","PGB-5","PG-B",516945
"632","LYSYSDTHR","G081","Catalase","North","PG","B","PGB-5","PG-B",314268
"633","IITRPFNVNGLLAYDSR","G079","Cytochrome","North","PG","B","PGB-5","PG-B",1400217
"634","QSLLPFGATGPR","G079","Cytochrome","North","PG","B","PGB-5","PG-B",4344053
"635","WLDESGVFLPEEHPSR","G079","Cytochrome","North","PG","B","PGB-5","PG-B",1531131
"636","IITRPFNVNGLLAYDSR","G081","Cytochrome","North","PG","B","PGB-5","PG-B",833491
"637","QSLLPFGATGPR","G081","Cytochrome","North","PG","B","PGB-5","PG-B",152072
"638","WLDESGVFLPEEHPSR","G081","Cytochrome","North","PG","B","PGB-5","PG-B",766937
"639","APNSFNLR","G079","Glycogen","North","PG","B","PGB-5","PG-B",5534112
"640","TSFDAFPDK","G079","Glycogen","North","PG","B","PGB-5","PG-B",4814410
"641","VLYPNDNFFEGK","G079","Glycogen","North","PG","B","PGB-5","PG-B",4411131
"642","APNSFNLR","G081","Glycogen","North","PG","B","PGB-5","PG-B",2628011
"643","TSFDAFPDK","G081","Glycogen","North","PG","B","PGB-5","PG-B",2311506
"644","VLYPNDNFFEGK","G081","Glycogen","North","PG","B","PGB-5","PG-B",1730388
"645","NAVVTVPAYFNDAQR","G079","HSP70","North","PG","B","PGB-5","PG-B",12847175
"646","NAVVTVPAYFNDAQR","G081","HSP70","North","PG","B","PGB-5","PG-B",5856675
"647","DSSTMGYMAAK","G079","HSP90-alpha","North","PG","B","PGB-5","PG-B",16341860
"648","EVVQSSAFVER","G079","HSP90-alpha","North","PG","B","PGB-5","PG-B",45563925
"649","GVVDSEDLPLNISR","G079","HSP90-alpha","North","PG","B","PGB-5","PG-B",39429972
"650","DSSTMGYMAAK","G081","HSP90-alpha","North","PG","B","PGB-5","PG-B",3900261
"651","EVVQSSAFVER","G081","HSP90-alpha","North","PG","B","PGB-5","PG-B",18933805
"652","GVVDSEDLPLNISR","G081","HSP90-alpha","North","PG","B","PGB-5","PG-B",14787590
"653","DNVVVIGFFK","G079","PDI","North","PG","B","PGB-5","PG-B",36261479
"654","MDSTANEVEDVK","G079","PDI","North","PG","B","PGB-5","PG-B",10324676
"655","DNVVVIGFFK","G081","PDI","North","PG","B","PGB-5","PG-B",17099971
"656","MDSTANEVEDVK","G081","PDI","North","PG","B","PGB-5","PG-B",3338948
"657","ALFIIDDK","G079","Peroxiredoxin-1","North","PG","B","PGB-5","PG-B",10433006
"658","ALFIIDDK","G081","Peroxiredoxin-1","North","PG","B","PGB-5","PG-B",4523475
"659","LNSGSVGVYR","G079","Puromycin-sensitive","North","PG","B","PGB-5","PG-B",5617669
"660","SIQQSVENIR","G079","Puromycin-sensitive","North","PG","B","PGB-5","PG-B",9838767
"661","SLTENFVTEEQAK","G079","Puromycin-sensitive","North","PG","B","PGB-5","PG-B",3273716
"662","LNSGSVGVYR","G081","Puromycin-sensitive","North","PG","B","PGB-5","PG-B",2146508
"663","SIQQSVENIR","G081","Puromycin-sensitive","North","PG","B","PGB-5","PG-B",3260498
"664","SLTENFVTEEQAK","G081","Puromycin-sensitive","North","PG","B","PGB-5","PG-B",1368592
"665","STIGVEFATR","G079","Ras-related","North","PG","B","PGB-5","PG-B",9789360
"666","STIGVEFATR","G081","Ras-related","North","PG","B","PGB-5","PG-B",4035112
"667","LLDQVWPDLR","G079","Sodium/potassium-transporting","North","PG","B","PGB-5","PG-B",1940916
"668","TVIEPMAGDGLR","G079","Sodium/potassium-transporting","North","PG","B","PGB-5","PG-B",2401391
"669","LLDQVWPDLR","G081","Sodium/potassium-transporting","North","PG","B","PGB-5","PG-B",819926
"670","TVIEPMAGDGLR","G081","Sodium/potassium-transporting","North","PG","B","PGB-5","PG-B",644716
"671","TIVVHADVDDLGK","G079","Superoxide","North","PG","B","PGB-5","PG-B",1797555
"672","TIVVHADVDDLGK","G081","Superoxide","North","PG","B","PGB-5","PG-B",640791
"673","AAQDNGLLTDVLAYK","G079","Trifunctional","North","PG","B","PGB-5","PG-B",608826
"674","ALELGLKPK","G079","Trifunctional","North","PG","B","PGB-5","PG-B",1653417
"675","AAQDNGLLTDVLAYK","G081","Trifunctional","North","PG","B","PGB-5","PG-B",476045
"676","ALELGLKPK","G081","Trifunctional","North","PG","B","PGB-5","PG-B",581566
"677","APGLPAQIK","G066","Arachidonate","North","PG","B","PGB-6","PG-B",11618708
"678","GLGLGGVPGQNGK","G066","Arachidonate","North","PG","B","PGB-6","PG-B",5960727
"679","MDVEGTLPEDLK","G066","Arachidonate","North","PG","B","PGB-6","PG-B",5168566
"680","APGLPAQIK","G070","Arachidonate","North","PG","B","PGB-6","PG-B",24499237.5
"681","GLGLGGVPGQNGK","G070","Arachidonate","North","PG","B","PGB-6","PG-B",10203376.5
"682","MDVEGTLPEDLK","G070","Arachidonate","North","PG","B","PGB-6","PG-B",12260092.5
"683","AGELGGSDPDYAMR","G066","Catalase","North","PG","B","PGB-6","PG-B",2701192
"684","LTANIAGHLIGAQEFIQK","G066","Catalase","North","PG","B","PGB-6","PG-B",265337
"685","LYSYSDTHR","G066","Catalase","North","PG","B","PGB-6","PG-B",187393
"686","AGELGGSDPDYAMR","G070","Catalase","North","PG","B","PGB-6","PG-B",7748838
"687","LTANIAGHLIGAQEFIQK","G070","Catalase","North","PG","B","PGB-6","PG-B",1427205
"688","IITRPFNVNGLLAYDSR","G066","Cytochrome","North","PG","B","PGB-6","PG-B",1474136
"689","QSLLPFGATGPR","G066","Cytochrome","North","PG","B","PGB-6","PG-B",406606
"690","WLDESGVFLPEEHPSR","G066","Cytochrome","North","PG","B","PGB-6","PG-B",1420428
"691","IITRPFNVNGLLAYDSR","G070","Cytochrome","North","PG","B","PGB-6","PG-B",2401348.5
"692","WLDESGVFLPEEHPSR","G070","Cytochrome","North","PG","B","PGB-6","PG-B",2468044.5
"693","APNSFNLR","G066","Glycogen","North","PG","B","PGB-6","PG-B",3042861
"694","TSFDAFPDK","G066","Glycogen","North","PG","B","PGB-6","PG-B",2674741
"695","VLYPNDNFFEGK","G066","Glycogen","North","PG","B","PGB-6","PG-B",1898516
"696","TSFDAFPDK","G070","Glycogen","North","PG","B","PGB-6","PG-B",5676876
"697","VLYPNDNFFEGK","G070","Glycogen","North","PG","B","PGB-6","PG-B",4065999
"698","NAVVTVPAYFNDAQR","G066","HSP70","North","PG","B","PGB-6","PG-B",7695335
"699","NAVVTVPAYFNDAQR","G070","HSP70","North","PG","B","PGB-6","PG-B",14983765.5
"700","DSSTMGYMAAK","G066","HSP90-alpha","North","PG","B","PGB-6","PG-B",7794972
"701","EVVQSSAFVER","G066","HSP90-alpha","North","PG","B","PGB-6","PG-B",27610602
"702","GVVDSEDLPLNISR","G066","HSP90-alpha","North","PG","B","PGB-6","PG-B",20806534
"703","DSSTMGYMAAK","G070","HSP90-alpha","North","PG","B","PGB-6","PG-B",20727861
"704","EVVQSSAFVER","G070","HSP90-alpha","North","PG","B","PGB-6","PG-B",50987101.5
"705","GVVDSEDLPLNISR","G070","HSP90-alpha","North","PG","B","PGB-6","PG-B",41565931.5
"706","DNVVVIGFFK","G066","PDI","North","PG","B","PGB-6","PG-B",18300979
"707","MDSTANEVEDVK","G066","PDI","North","PG","B","PGB-6","PG-B",4838621
"708","DNVVVIGFFK","G070","PDI","North","PG","B","PGB-6","PG-B",46771017
"709","MDSTANEVEDVK","G070","PDI","North","PG","B","PGB-6","PG-B",12996334.5
"710","ALFIIDDK","G066","Peroxiredoxin-1","North","PG","B","PGB-6","PG-B",5068776
"711","ALFIIDDK","G070","Peroxiredoxin-1","North","PG","B","PGB-6","PG-B",10159083
"712","LNSGSVGVYR","G066","Puromycin-sensitive","North","PG","B","PGB-6","PG-B",2911913
"713","SIQQSVENIR","G066","Puromycin-sensitive","North","PG","B","PGB-6","PG-B",4674680
"714","SLTENFVTEEQAK","G066","Puromycin-sensitive","North","PG","B","PGB-6","PG-B",2004762
"715","LNSGSVGVYR","G070","Puromycin-sensitive","North","PG","B","PGB-6","PG-B",5965498.5
"716","SIQQSVENIR","G070","Puromycin-sensitive","North","PG","B","PGB-6","PG-B",9972159
"717","SLTENFVTEEQAK","G070","Puromycin-sensitive","North","PG","B","PGB-6","PG-B",3881337
"718","STIGVEFATR","G066","Ras-related","North","PG","B","PGB-6","PG-B",5214100
"719","STIGVEFATR","G070","Ras-related","North","PG","B","PGB-6","PG-B",12443914.5
"720","LLDQVWPDLR","G066","Sodium/potassium-transporting","North","PG","B","PGB-6","PG-B",1068680
"721","TVIEPMAGDGLR","G066","Sodium/potassium-transporting","North","PG","B","PGB-6","PG-B",954828
"722","LLDQVWPDLR","G070","Sodium/potassium-transporting","North","PG","B","PGB-6","PG-B",2166648
"723","TVIEPMAGDGLR","G070","Sodium/potassium-transporting","North","PG","B","PGB-6","PG-B",2550661.5
"724","THGAPTDEER","G066","Superoxide","North","PG","B","PGB-6","PG-B",97420
"725","TIVVHADVDDLGK","G066","Superoxide","North","PG","B","PGB-6","PG-B",313467
"726","TIVVHADVDDLGK","G070","Superoxide","North","PG","B","PGB-6","PG-B",1766419.5
"727","AAQDNGLLTDVLAYK","G066","Trifunctional","North","PG","B","PGB-6","PG-B",532072
"728","ALELGLKPK","G066","Trifunctional","North","PG","B","PGB-6","PG-B",622486
"729","AAQDNGLLTDVLAYK","G070","Trifunctional","North","PG","B","PGB-6","PG-B",621732
"730","ALELGLKPK","G070","Trifunctional","North","PG","B","PGB-6","PG-B",1527915
"731","APGLPAQIK","G071-A","Arachidonate","North","PG","E","PGE-2","PG-E",25307223
"732","GLGLGGVPGQNGK","G071-A","Arachidonate","North","PG","E","PGE-2","PG-E",9324622
"733","MDVEGTLPEDLK","G071-A","Arachidonate","North","PG","E","PGE-2","PG-E",10091848
"734","APGLPAQIK","G071-B","Arachidonate","North","PG","E","PGE-2","PG-E",318685
"735","GLGLGGVPGQNGK","G071-B","Arachidonate","North","PG","E","PGE-2","PG-E",2671598
"736","MDVEGTLPEDLK","G071-B","Arachidonate","North","PG","E","PGE-2","PG-E",1008375
"737","APGLPAQIK","G074","Arachidonate","North","PG","E","PGE-2","PG-E",6673548
"738","GLGLGGVPGQNGK","G074","Arachidonate","North","PG","E","PGE-2","PG-E",3392932
"739","MDVEGTLPEDLK","G074","Arachidonate","North","PG","E","PGE-2","PG-E",2589157
"740","AGELGGSDPDYAMR","G071-A","Catalase","North","PG","E","PGE-2","PG-E",6274860
"741","LTANIAGHLIGAQEFIQK","G071-A","Catalase","North","PG","E","PGE-2","PG-E",666336
"742","LYSYSDTHR","G071-A","Catalase","North","PG","E","PGE-2","PG-E",902437
"743","AGELGGSDPDYAMR","G071-B","Catalase","North","PG","E","PGE-2","PG-E",608014
"744","LTANIAGHLIGAQEFIQK","G071-B","Catalase","North","PG","E","PGE-2","PG-E",134532
"745","LYSYSDTHR","G071-B","Catalase","North","PG","E","PGE-2","PG-E",204295
"746","AGELGGSDPDYAMR","G074","Catalase","North","PG","E","PGE-2","PG-E",1328153
"747","LTANIAGHLIGAQEFIQK","G074","Catalase","North","PG","E","PGE-2","PG-E",429539
"748","LYSYSDTHR","G074","Catalase","North","PG","E","PGE-2","PG-E",116952
"749","IITRPFNVNGLLAYDSR","G071-A","Cytochrome","North","PG","E","PGE-2","PG-E",1628578
"750","QSLLPFGATGPR","G071-A","Cytochrome","North","PG","E","PGE-2","PG-E",4964299
"751","WLDESGVFLPEEHPSR","G071-A","Cytochrome","North","PG","E","PGE-2","PG-E",1603706
"752","IITRPFNVNGLLAYDSR","G071-B","Cytochrome","North","PG","E","PGE-2","PG-E",446291
"753","QSLLPFGATGPR","G071-B","Cytochrome","North","PG","E","PGE-2","PG-E",117036
"754","WLDESGVFLPEEHPSR","G071-B","Cytochrome","North","PG","E","PGE-2","PG-E",415015
"755","IITRPFNVNGLLAYDSR","G074","Cytochrome","North","PG","E","PGE-2","PG-E",859533
"756","QSLLPFGATGPR","G074","Cytochrome","North","PG","E","PGE-2","PG-E",143484
"757","WLDESGVFLPEEHPSR","G074","Cytochrome","North","PG","E","PGE-2","PG-E",759559
"758","APNSFNLR","G071-A","Glycogen","North","PG","E","PGE-2","PG-E",5342584
"759","TSFDAFPDK","G071-A","Glycogen","North","PG","E","PGE-2","PG-E",6080118
"760","VLYPNDNFFEGK","G071-A","Glycogen","North","PG","E","PGE-2","PG-E",4411527
"761","APNSFNLR","G071-B","Glycogen","North","PG","E","PGE-2","PG-E",944489
"762","TSFDAFPDK","G071-B","Glycogen","North","PG","E","PGE-2","PG-E",862212
"763","VLYPNDNFFEGK","G071-B","Glycogen","North","PG","E","PGE-2","PG-E",728417
"764","APNSFNLR","G074","Glycogen","North","PG","E","PGE-2","PG-E",1689286
"765","TSFDAFPDK","G074","Glycogen","North","PG","E","PGE-2","PG-E",1704287
"766","VLYPNDNFFEGK","G074","Glycogen","North","PG","E","PGE-2","PG-E",1384912
"767","NAVVTVPAYFNDAQR","G071-A","HSP70","North","PG","E","PGE-2","PG-E",9172245
"768","NAVVTVPAYFNDAQR","G071-B","HSP70","North","PG","E","PGE-2","PG-E",3316291
"769","NAVVTVPAYFNDAQR","G074","HSP70","North","PG","E","PGE-2","PG-E",4953315
"770","DSSTMGYMAAK","G071-A","HSP90-alpha","North","PG","E","PGE-2","PG-E",13039384
"771","EVVQSSAFVER","G071-A","HSP90-alpha","North","PG","E","PGE-2","PG-E",35968090
"772","GVVDSEDLPLNISR","G071-A","HSP90-alpha","North","PG","E","PGE-2","PG-E",23737253
"773","DSSTMGYMAAK","G071-B","HSP90-alpha","North","PG","E","PGE-2","PG-E",857701
"774","EVVQSSAFVER","G071-B","HSP90-alpha","North","PG","E","PGE-2","PG-E",9635327
"775","GVVDSEDLPLNISR","G071-B","HSP90-alpha","North","PG","E","PGE-2","PG-E",6686017
"776","DSSTMGYMAAK","G074","HSP90-alpha","North","PG","E","PGE-2","PG-E",3699391
"777","EVVQSSAFVER","G074","HSP90-alpha","North","PG","E","PGE-2","PG-E",13087364
"778","GVVDSEDLPLNISR","G074","HSP90-alpha","North","PG","E","PGE-2","PG-E",11245055
"779","DNVVVIGFFK","G071-A","PDI","North","PG","E","PGE-2","PG-E",34351335
"780","MDSTANEVEDVK","G071-A","PDI","North","PG","E","PGE-2","PG-E",9703227
"781","DNVVVIGFFK","G071-B","PDI","North","PG","E","PGE-2","PG-E",5915207
"782","MDSTANEVEDVK","G071-B","PDI","North","PG","E","PGE-2","PG-E",759653
"783","DNVVVIGFFK","G074","PDI","North","PG","E","PGE-2","PG-E",11333580
"784","MDSTANEVEDVK","G074","PDI","North","PG","E","PGE-2","PG-E",2656518
"785","ALFIIDDK","G071-A","Peroxiredoxin-1","North","PG","E","PGE-2","PG-E",8368534
"786","ALFIIDDK","G071-B","Peroxiredoxin-1","North","PG","E","PGE-2","PG-E",2246804
"787","ALFIIDDK","G074","Peroxiredoxin-1","North","PG","E","PGE-2","PG-E",4032011
"788","LNSGSVGVYR","G071-A","Puromycin-sensitive","North","PG","E","PGE-2","PG-E",4979452
"789","SIQQSVENIR","G071-A","Puromycin-sensitive","North","PG","E","PGE-2","PG-E",8908195
"790","SLTENFVTEEQAK","G071-A","Puromycin-sensitive","North","PG","E","PGE-2","PG-E",2740815
"791","LNSGSVGVYR","G071-B","Puromycin-sensitive","North","PG","E","PGE-2","PG-E",944565
"792","SIQQSVENIR","G071-B","Puromycin-sensitive","North","PG","E","PGE-2","PG-E",1488707
"793","SLTENFVTEEQAK","G071-B","Puromycin-sensitive","North","PG","E","PGE-2","PG-E",675191
"794","LNSGSVGVYR","G074","Puromycin-sensitive","North","PG","E","PGE-2","PG-E",1644440
"795","SIQQSVENIR","G074","Puromycin-sensitive","North","PG","E","PGE-2","PG-E",2508670
"796","SLTENFVTEEQAK","G074","Puromycin-sensitive","North","PG","E","PGE-2","PG-E",1276703
"797","STIGVEFATR","G071-A","Ras-related","North","PG","E","PGE-2","PG-E",10515659
"798","STIGVEFATR","G071-B","Ras-related","North","PG","E","PGE-2","PG-E",1498126
"799","STIGVEFATR","G074","Ras-related","North","PG","E","PGE-2","PG-E",2862293
"800","LLDQVWPDLR","G071-A","Sodium/potassium-transporting","North","PG","E","PGE-2","PG-E",1735834
"801","TVIEPMAGDGLR","G071-A","Sodium/potassium-transporting","North","PG","E","PGE-2","PG-E",2414127
"802","LLDQVWPDLR","G071-B","Sodium/potassium-transporting","North","PG","E","PGE-2","PG-E",404178
"803","TVIEPMAGDGLR","G071-B","Sodium/potassium-transporting","North","PG","E","PGE-2","PG-E",203089
"804","LLDQVWPDLR","G074","Sodium/potassium-transporting","North","PG","E","PGE-2","PG-E",703005
"805","TVIEPMAGDGLR","G074","Sodium/potassium-transporting","North","PG","E","PGE-2","PG-E",580727
"806","TIVVHADVDDLGK","G071-A","Superoxide","North","PG","E","PGE-2","PG-E",2048321
"807","THGAPTDEER","G071-B","Superoxide","North","PG","E","PGE-2","PG-E",44144
"808","TIVVHADVDDLGK","G071-B","Superoxide","North","PG","E","PGE-2","PG-E",79322
"809","THGAPTDEER","G074","Superoxide","North","PG","E","PGE-2","PG-E",48267
"810","TIVVHADVDDLGK","G074","Superoxide","North","PG","E","PGE-2","PG-E",252687
"811","AAQDNGLLTDVLAYK","G071-A","Trifunctional","North","PG","E","PGE-2","PG-E",1041955
"812","ALELGLKPK","G071-A","Trifunctional","North","PG","E","PGE-2","PG-E",1403690
"813","AAQDNGLLTDVLAYK","G071-B","Trifunctional","North","PG","E","PGE-2","PG-E",211923
"814","ALELGLKPK","G071-B","Trifunctional","North","PG","E","PGE-2","PG-E",242395
"815","AAQDNGLLTDVLAYK","G074","Trifunctional","North","PG","E","PGE-2","PG-E",298120
"816","ALELGLKPK","G074","Trifunctional","North","PG","E","PGE-2","PG-E",248983
"817","APGLPAQIK","G031","Arachidonate","North","PG","E","PGE-3","PG-E",30619624
"818","GLGLGGVPGQNGK","G031","Arachidonate","North","PG","E","PGE-3","PG-E",11348252
"819","MDVEGTLPEDLK","G031","Arachidonate","North","PG","E","PGE-3","PG-E",14589382
"820","APGLPAQIK","G032","Arachidonate","North","PG","E","PGE-3","PG-E",6975923
"821","GLGLGGVPGQNGK","G032","Arachidonate","North","PG","E","PGE-3","PG-E",3660536
"822","MDVEGTLPEDLK","G032","Arachidonate","North","PG","E","PGE-3","PG-E",2909350
"823","AGELGGSDPDYAMR","G031","Catalase","North","PG","E","PGE-3","PG-E",8686637
"824","LTANIAGHLIGAQEFIQK","G031","Catalase","North","PG","E","PGE-3","PG-E",1683096
"825","LYSYSDTHR","G031","Catalase","North","PG","E","PGE-3","PG-E",1058645
"826","AGELGGSDPDYAMR","G032","Catalase","North","PG","E","PGE-3","PG-E",1662066
"827","LYSYSDTHR","G032","Catalase","North","PG","E","PGE-3","PG-E",99136
"828","IITRPFNVNGLLAYDSR","G031","Cytochrome","North","PG","E","PGE-3","PG-E",1582397
"829","QSLLPFGATGPR","G031","Cytochrome","North","PG","E","PGE-3","PG-E",8905150
"830","WLDESGVFLPEEHPSR","G031","Cytochrome","North","PG","E","PGE-3","PG-E",3369430
"831","IITRPFNVNGLLAYDSR","G032","Cytochrome","North","PG","E","PGE-3","PG-E",975176
"832","WLDESGVFLPEEHPSR","G032","Cytochrome","North","PG","E","PGE-3","PG-E",948065
"833","APNSFNLR","G031","Glycogen","North","PG","E","PGE-3","PG-E",6306575
"834","TSFDAFPDK","G031","Glycogen","North","PG","E","PGE-3","PG-E",7902830
"835","VLYPNDNFFEGK","G031","Glycogen","North","PG","E","PGE-3","PG-E",6347903
"836","APNSFNLR","G032","Glycogen","North","PG","E","PGE-3","PG-E",2282774
"837","TSFDAFPDK","G032","Glycogen","North","PG","E","PGE-3","PG-E",2134218
"838","VLYPNDNFFEGK","G032","Glycogen","North","PG","E","PGE-3","PG-E",1514462
"839","NAVVTVPAYFNDAQR","G031","HSP70","North","PG","E","PGE-3","PG-E",16714018
"840","NAVVTVPAYFNDAQR","G032","HSP70","North","PG","E","PGE-3","PG-E",4690879
"841","DSSTMGYMAAK","G031","HSP90-alpha","North","PG","E","PGE-3","PG-E",17460353
"842","EVVQSSAFVER","G031","HSP90-alpha","North","PG","E","PGE-3","PG-E",35376970
"843","GVVDSEDLPLNISR","G031","HSP90-alpha","North","PG","E","PGE-3","PG-E",41411784
"844","DSSTMGYMAAK","G032","HSP90-alpha","North","PG","E","PGE-3","PG-E",5158402
"845","EVVQSSAFVER","G032","HSP90-alpha","North","PG","E","PGE-3","PG-E",18766215
"846","GVVDSEDLPLNISR","G032","HSP90-alpha","North","PG","E","PGE-3","PG-E",12588233
"847","DNVVVIGFFK","G031","PDI","North","PG","E","PGE-3","PG-E",55459175
"848","MDSTANEVEDVK","G031","PDI","North","PG","E","PGE-3","PG-E",15223428
"849","DNVVVIGFFK","G032","PDI","North","PG","E","PGE-3","PG-E",10750069
"850","MDSTANEVEDVK","G032","PDI","North","PG","E","PGE-3","PG-E",2877662
"851","ALFIIDDK","G031","Peroxiredoxin-1","North","PG","E","PGE-3","PG-E",12585804
"852","ALFIIDDK","G032","Peroxiredoxin-1","North","PG","E","PGE-3","PG-E",4245426
"853","LNSGSVGVYR","G031","Puromycin-sensitive","North","PG","E","PGE-3","PG-E",5232572
"854","SIQQSVENIR","G031","Puromycin-sensitive","North","PG","E","PGE-3","PG-E",10000314
"855","SLTENFVTEEQAK","G031","Puromycin-sensitive","North","PG","E","PGE-3","PG-E",4094613
"856","LNSGSVGVYR","G032","Puromycin-sensitive","North","PG","E","PGE-3","PG-E",2100047
"857","SIQQSVENIR","G032","Puromycin-sensitive","North","PG","E","PGE-3","PG-E",3480191
"858","SLTENFVTEEQAK","G032","Puromycin-sensitive","North","PG","E","PGE-3","PG-E",1474105
"859","STIGVEFATR","G031","Ras-related","North","PG","E","PGE-3","PG-E",11679496
"860","STIGVEFATR","G032","Ras-related","North","PG","E","PGE-3","PG-E",3272421
"861","LLDQVWPDLR","G031","Sodium/potassium-transporting","North","PG","E","PGE-3","PG-E",2565279
"862","TVIEPMAGDGLR","G031","Sodium/potassium-transporting","North","PG","E","PGE-3","PG-E",3159303
"863","LLDQVWPDLR","G032","Sodium/potassium-transporting","North","PG","E","PGE-3","PG-E",634766
"864","TVIEPMAGDGLR","G032","Sodium/potassium-transporting","North","PG","E","PGE-3","PG-E",714647
"865","TIVVHADVDDLGK","G031","Superoxide","North","PG","E","PGE-3","PG-E",2518038
"866","THGAPTDEER","G032","Superoxide","North","PG","E","PGE-3","PG-E",140081
"867","TIVVHADVDDLGK","G032","Superoxide","North","PG","E","PGE-3","PG-E",347574
"868","AAQDNGLLTDVLAYK","G031","Trifunctional","North","PG","E","PGE-3","PG-E",1411394
"869","ALELGLKPK","G031","Trifunctional","North","PG","E","PGE-3","PG-E",2075689
"870","AAQDNGLLTDVLAYK","G032","Trifunctional","North","PG","E","PGE-3","PG-E",293108
"871","ALELGLKPK","G032","Trifunctional","North","PG","E","PGE-3","PG-E",357998
"872","APGLPAQIK","G104","Arachidonate","South","WB","B","WBB-4","WB-B",9952645
"873","GLGLGGVPGQNGK","G104","Arachidonate","South","WB","B","WBB-4","WB-B",5638724
"874","MDVEGTLPEDLK","G104","Arachidonate","South","WB","B","WBB-4","WB-B",4310608
"875","APGLPAQIK","G105","Arachidonate","South","WB","B","WBB-4","WB-B",9066855
"876","GLGLGGVPGQNGK","G105","Arachidonate","South","WB","B","WBB-4","WB-B",5480179
"877","MDVEGTLPEDLK","G105","Arachidonate","South","WB","B","WBB-4","WB-B",4036443
"878","AGELGGSDPDYAMR","G104","Catalase","South","WB","B","WBB-4","WB-B",1695404
"879","LTANIAGHLIGAQEFIQK","G104","Catalase","South","WB","B","WBB-4","WB-B",267021
"880","AGELGGSDPDYAMR","G105","Catalase","South","WB","B","WBB-4","WB-B",2477674
"881","LTANIAGHLIGAQEFIQK","G105","Catalase","South","WB","B","WBB-4","WB-B",360626
"882","LYSYSDTHR","G105","Catalase","South","WB","B","WBB-4","WB-B",264896
"883","IITRPFNVNGLLAYDSR","G104","Cytochrome","South","WB","B","WBB-4","WB-B",738928
"884","QSLLPFGATGPR","G104","Cytochrome","South","WB","B","WBB-4","WB-B",62198
"885","WLDESGVFLPEEHPSR","G104","Cytochrome","South","WB","B","WBB-4","WB-B",688233
"886","IITRPFNVNGLLAYDSR","G105","Cytochrome","South","WB","B","WBB-4","WB-B",710283
"887","WLDESGVFLPEEHPSR","G105","Cytochrome","South","WB","B","WBB-4","WB-B",625730
"888","APNSFNLR","G104","Glycogen","South","WB","B","WBB-4","WB-B",1490779
"889","TSFDAFPDK","G104","Glycogen","South","WB","B","WBB-4","WB-B",1997291
"890","VLYPNDNFFEGK","G104","Glycogen","South","WB","B","WBB-4","WB-B",1423457
"891","APNSFNLR","G105","Glycogen","South","WB","B","WBB-4","WB-B",2191821
"892","TSFDAFPDK","G105","Glycogen","South","WB","B","WBB-4","WB-B",1929006
"893","VLYPNDNFFEGK","G105","Glycogen","South","WB","B","WBB-4","WB-B",1431319
"894","NAVVTVPAYFNDAQR","G104","HSP70","South","WB","B","WBB-4","WB-B",3725359
"895","NAVVTVPAYFNDAQR","G105","HSP70","South","WB","B","WBB-4","WB-B",3828851
"896","DSSTMGYMAAK","G104","HSP90-alpha","South","WB","B","WBB-4","WB-B",799836
"897","EVVQSSAFVER","G104","HSP90-alpha","South","WB","B","WBB-4","WB-B",13740433
"898","GVVDSEDLPLNISR","G104","HSP90-alpha","South","WB","B","WBB-4","WB-B",10073856
"899","DSSTMGYMAAK","G105","HSP90-alpha","South","WB","B","WBB-4","WB-B",2947616
"900","EVVQSSAFVER","G105","HSP90-alpha","South","WB","B","WBB-4","WB-B",12421373
"901","GVVDSEDLPLNISR","G105","HSP90-alpha","South","WB","B","WBB-4","WB-B",8871474
"902","DNVVVIGFFK","G104","PDI","South","WB","B","WBB-4","WB-B",9617457
"903","DNVVVIGFFK","G105","PDI","South","WB","B","WBB-4","WB-B",9884298
"904","MDSTANEVEDVK","G105","PDI","South","WB","B","WBB-4","WB-B",2428301
"905","ALFIIDDK","G104","Peroxiredoxin-1","South","WB","B","WBB-4","WB-B",3047058
"906","ALFIIDDK","G105","Peroxiredoxin-1","South","WB","B","WBB-4","WB-B",3778875
"907","SIQQSVENIR","G104","Puromycin-sensitive","South","WB","B","WBB-4","WB-B",1814800
"908","SLTENFVTEEQAK","G104","Puromycin-sensitive","South","WB","B","WBB-4","WB-B",1050049
"909","LNSGSVGVYR","G105","Puromycin-sensitive","South","WB","B","WBB-4","WB-B",1297669
"910","SIQQSVENIR","G105","Puromycin-sensitive","South","WB","B","WBB-4","WB-B",2218559
"911","SLTENFVTEEQAK","G105","Puromycin-sensitive","South","WB","B","WBB-4","WB-B",911373
"912","STIGVEFATR","G104","Ras-related","South","WB","B","WBB-4","WB-B",3375427
"913","STIGVEFATR","G105","Ras-related","South","WB","B","WBB-4","WB-B",3288367
"914","LLDQVWPDLR","G104","Sodium/potassium-transporting","South","WB","B","WBB-4","WB-B",163609
"915","TVIEPMAGDGLR","G104","Sodium/potassium-transporting","South","WB","B","WBB-4","WB-B",554453
"916","LLDQVWPDLR","G105","Sodium/potassium-transporting","South","WB","B","WBB-4","WB-B",545016
"917","TVIEPMAGDGLR","G105","Sodium/potassium-transporting","South","WB","B","WBB-4","WB-B",648649
"918","THGAPTDEER","G105","Superoxide","South","WB","B","WBB-4","WB-B",288676
"919","TIVVHADVDDLGK","G105","Superoxide","South","WB","B","WBB-4","WB-B",505474
"920","ALELGLKPK","G104","Trifunctional","South","WB","B","WBB-4","WB-B",334576
"921","AAQDNGLLTDVLAYK","G105","Trifunctional","South","WB","B","WBB-4","WB-B",319968
"922","ALELGLKPK","G105","Trifunctional","South","WB","B","WBB-4","WB-B",367436
"923","APGLPAQIK","G120","Arachidonate","South","WB","B","WBB-5","WB-B",31330417
"924","GLGLGGVPGQNGK","G120","Arachidonate","South","WB","B","WBB-5","WB-B",10643556
"925","MDVEGTLPEDLK","G120","Arachidonate","South","WB","B","WBB-5","WB-B",11773945
"926","APGLPAQIK","G122","Arachidonate","South","WB","B","WBB-5","WB-B",25091854
"927","GLGLGGVPGQNGK","G122","Arachidonate","South","WB","B","WBB-5","WB-B",8654573
"928","MDVEGTLPEDLK","G122","Arachidonate","South","WB","B","WBB-5","WB-B",12020973
"929","AGELGGSDPDYAMR","G120","Catalase","South","WB","B","WBB-5","WB-B",5970414
"930","LTANIAGHLIGAQEFIQK","G120","Catalase","South","WB","B","WBB-5","WB-B",718136
"931","AGELGGSDPDYAMR","G122","Catalase","South","WB","B","WBB-5","WB-B",4947936
"932","LTANIAGHLIGAQEFIQK","G122","Catalase","South","WB","B","WBB-5","WB-B",745921
"933","LYSYSDTHR","G122","Catalase","South","WB","B","WBB-5","WB-B",704340
"934","IITRPFNVNGLLAYDSR","G120","Cytochrome","South","WB","B","WBB-5","WB-B",1666276
"935","QSLLPFGATGPR","G120","Cytochrome","South","WB","B","WBB-5","WB-B",5982179
"936","WLDESGVFLPEEHPSR","G120","Cytochrome","South","WB","B","WBB-5","WB-B",274717
"937","IITRPFNVNGLLAYDSR","G122","Cytochrome","South","WB","B","WBB-5","WB-B",1568746
"938","QSLLPFGATGPR","G122","Cytochrome","South","WB","B","WBB-5","WB-B",4395986
"939","WLDESGVFLPEEHPSR","G122","Cytochrome","South","WB","B","WBB-5","WB-B",1854684
"940","APNSFNLR","G120","Glycogen","South","WB","B","WBB-5","WB-B",4807477
"941","TSFDAFPDK","G120","Glycogen","South","WB","B","WBB-5","WB-B",4888942
"942","VLYPNDNFFEGK","G120","Glycogen","South","WB","B","WBB-5","WB-B",3828149
"943","APNSFNLR","G122","Glycogen","South","WB","B","WBB-5","WB-B",4548711
"944","TSFDAFPDK","G122","Glycogen","South","WB","B","WBB-5","WB-B",5281900
"945","VLYPNDNFFEGK","G122","Glycogen","South","WB","B","WBB-5","WB-B",3914604
"946","NAVVTVPAYFNDAQR","G120","HSP70","South","WB","B","WBB-5","WB-B",9461846
"947","NAVVTVPAYFNDAQR","G122","HSP70","South","WB","B","WBB-5","WB-B",8106374
"948","DSSTMGYMAAK","G120","HSP90-alpha","South","WB","B","WBB-5","WB-B",9324534
"949","EVVQSSAFVER","G120","HSP90-alpha","South","WB","B","WBB-5","WB-B",25237074
"950","GVVDSEDLPLNISR","G120","HSP90-alpha","South","WB","B","WBB-5","WB-B",26851522
"951","DSSTMGYMAAK","G122","HSP90-alpha","South","WB","B","WBB-5","WB-B",8969203
"952","EVVQSSAFVER","G122","HSP90-alpha","South","WB","B","WBB-5","WB-B",19383907
"953","GVVDSEDLPLNISR","G122","HSP90-alpha","South","WB","B","WBB-5","WB-B",19667090
"954","DNVVVIGFFK","G120","PDI","South","WB","B","WBB-5","WB-B",19211248
"955","MDSTANEVEDVK","G120","PDI","South","WB","B","WBB-5","WB-B",3464067
"956","DNVVVIGFFK","G122","PDI","South","WB","B","WBB-5","WB-B",17063295
"957","MDSTANEVEDVK","G122","PDI","South","WB","B","WBB-5","WB-B",5603297
"958","ALFIIDDK","G122","Peroxiredoxin-1","South","WB","B","WBB-5","WB-B",6277706
"959","LNSGSVGVYR","G120","Puromycin-sensitive","South","WB","B","WBB-5","WB-B",3515785
"960","SIQQSVENIR","G120","Puromycin-sensitive","South","WB","B","WBB-5","WB-B",6267341
"961","SLTENFVTEEQAK","G120","Puromycin-sensitive","South","WB","B","WBB-5","WB-B",2282868
"962","LNSGSVGVYR","G122","Puromycin-sensitive","South","WB","B","WBB-5","WB-B",2627492
"963","SIQQSVENIR","G122","Puromycin-sensitive","South","WB","B","WBB-5","WB-B",959293
"964","SLTENFVTEEQAK","G122","Puromycin-sensitive","South","WB","B","WBB-5","WB-B",1675672
"965","STIGVEFATR","G120","Ras-related","South","WB","B","WBB-5","WB-B",9742343
"966","STIGVEFATR","G122","Ras-related","South","WB","B","WBB-5","WB-B",6874038
"967","LLDQVWPDLR","G120","Sodium/potassium-transporting","South","WB","B","WBB-5","WB-B",1685812
"968","TVIEPMAGDGLR","G120","Sodium/potassium-transporting","South","WB","B","WBB-5","WB-B",2011961
"969","LLDQVWPDLR","G122","Sodium/potassium-transporting","South","WB","B","WBB-5","WB-B",1556296
"970","TVIEPMAGDGLR","G122","Sodium/potassium-transporting","South","WB","B","WBB-5","WB-B",1164385
"971","TIVVHADVDDLGK","G120","Superoxide","South","WB","B","WBB-5","WB-B",2122225
"972","AAQDNGLLTDVLAYK","G120","Trifunctional","South","WB","B","WBB-5","WB-B",829917
"973","ALELGLKPK","G120","Trifunctional","South","WB","B","WBB-5","WB-B",1152895
"974","AAQDNGLLTDVLAYK","G122","Trifunctional","South","WB","B","WBB-5","WB-B",725111
"975","ALELGLKPK","G122","Trifunctional","South","WB","B","WBB-5","WB-B",823389
"976","APGLPAQIK","G114","Arachidonate","South","WB","B","WBB-6","WB-B",18269788
"977","MDVEGTLPEDLK","G114","Arachidonate","South","WB","B","WBB-6","WB-B",8720501
"978","APGLPAQIK","G116","Arachidonate","South","WB","B","WBB-6","WB-B",7057046
"979","GLGLGGVPGQNGK","G116","Arachidonate","South","WB","B","WBB-6","WB-B",3564189
"980","MDVEGTLPEDLK","G116","Arachidonate","South","WB","B","WBB-6","WB-B",2654651
"981","LTANIAGHLIGAQEFIQK","G114","Catalase","South","WB","B","WBB-6","WB-B",860948
"982","AGELGGSDPDYAMR","G116","Catalase","South","WB","B","WBB-6","WB-B",1149839
"983","LTANIAGHLIGAQEFIQK","G116","Catalase","South","WB","B","WBB-6","WB-B",348774
"984","LYSYSDTHR","G116","Catalase","South","WB","B","WBB-6","WB-B",171457
"985","IITRPFNVNGLLAYDSR","G114","Cytochrome","South","WB","B","WBB-6","WB-B",1304564
"986","QSLLPFGATGPR","G114","Cytochrome","South","WB","B","WBB-6","WB-B",3768372
"987","WLDESGVFLPEEHPSR","G114","Cytochrome","South","WB","B","WBB-6","WB-B",1276308
"988","IITRPFNVNGLLAYDSR","G116","Cytochrome","South","WB","B","WBB-6","WB-B",323613
"989","QSLLPFGATGPR","G116","Cytochrome","South","WB","B","WBB-6","WB-B",504854
"990","WLDESGVFLPEEHPSR","G116","Cytochrome","South","WB","B","WBB-6","WB-B",257676
"991","TSFDAFPDK","G114","Glycogen","South","WB","B","WBB-6","WB-B",3414121
"992","VLYPNDNFFEGK","G114","Glycogen","South","WB","B","WBB-6","WB-B",2886646
"993","APNSFNLR","G116","Glycogen","South","WB","B","WBB-6","WB-B",1233345
"994","TSFDAFPDK","G116","Glycogen","South","WB","B","WBB-6","WB-B",919457
"995","VLYPNDNFFEGK","G116","Glycogen","South","WB","B","WBB-6","WB-B",1013016
"996","NAVVTVPAYFNDAQR","G114","HSP70","South","WB","B","WBB-6","WB-B",6156948
"997","NAVVTVPAYFNDAQR","G116","HSP70","South","WB","B","WBB-6","WB-B",2888153
"998","EVVQSSAFVER","G114","HSP90-alpha","South","WB","B","WBB-6","WB-B",19133440
"999","GVVDSEDLPLNISR","G114","HSP90-alpha","South","WB","B","WBB-6","WB-B",18631708
"1000","DSSTMGYMAAK","G116","HSP90-alpha","South","WB","B","WBB-6","WB-B",1900589
"1001","EVVQSSAFVER","G116","HSP90-alpha","South","WB","B","WBB-6","WB-B",6411794
"1002","GVVDSEDLPLNISR","G116","HSP90-alpha","South","WB","B","WBB-6","WB-B",6899225
"1003","DNVVVIGFFK","G114","PDI","South","WB","B","WBB-6","WB-B",16536185
"1004","DNVVVIGFFK","G116","PDI","South","WB","B","WBB-6","WB-B",7762325
"1005","MDSTANEVEDVK","G116","PDI","South","WB","B","WBB-6","WB-B",1539479
"1006","ALFIIDDK","G114","Peroxiredoxin-1","South","WB","B","WBB-6","WB-B",6414547
"1007","ALFIIDDK","G116","Peroxiredoxin-1","South","WB","B","WBB-6","WB-B",2921089
"1008","LNSGSVGVYR","G114","Puromycin-sensitive","South","WB","B","WBB-6","WB-B",716296
"1009","SIQQSVENIR","G114","Puromycin-sensitive","South","WB","B","WBB-6","WB-B",1865562
"1010","LNSGSVGVYR","G116","Puromycin-sensitive","South","WB","B","WBB-6","WB-B",982605
"1011","SIQQSVENIR","G116","Puromycin-sensitive","South","WB","B","WBB-6","WB-B",1743443
"1012","SLTENFVTEEQAK","G116","Puromycin-sensitive","South","WB","B","WBB-6","WB-B",388497
"1013","STIGVEFATR","G114","Ras-related","South","WB","B","WBB-6","WB-B",5496903
"1014","STIGVEFATR","G116","Ras-related","South","WB","B","WBB-6","WB-B",1473787
"1015","LLDQVWPDLR","G114","Sodium/potassium-transporting","South","WB","B","WBB-6","WB-B",1376683
"1016","TVIEPMAGDGLR","G114","Sodium/potassium-transporting","South","WB","B","WBB-6","WB-B",1318889
"1017","LLDQVWPDLR","G116","Sodium/potassium-transporting","South","WB","B","WBB-6","WB-B",397362
"1018","TVIEPMAGDGLR","G116","Sodium/potassium-transporting","South","WB","B","WBB-6","WB-B",285255
"1019","TIVVHADVDDLGK","G114","Superoxide","South","WB","B","WBB-6","WB-B",1196468
"1020","THGAPTDEER","G116","Superoxide","South","WB","B","WBB-6","WB-B",165243
"1021","TIVVHADVDDLGK","G116","Superoxide","South","WB","B","WBB-6","WB-B",488295
"1022","AAQDNGLLTDVLAYK","G114","Trifunctional","South","WB","B","WBB-6","WB-B",589427
"1023","ALELGLKPK","G114","Trifunctional","South","WB","B","WBB-6","WB-B",598604
"1024","ALELGLKPK","G116","Trifunctional","South","WB","B","WBB-6","WB-B",154211
"1025","APGLPAQIK","G129","Arachidonate","South","WB","E","WBE-1","WB-E",20782510
"1026","GLGLGGVPGQNGK","G129","Arachidonate","South","WB","E","WBE-1","WB-E",7640469
"1027","MDVEGTLPEDLK","G129","Arachidonate","South","WB","E","WBE-1","WB-E",9687440
"1028","APGLPAQIK","G132","Arachidonate","South","WB","E","WBE-1","WB-E",53274741
"1029","GLGLGGVPGQNGK","G132","Arachidonate","South","WB","E","WBE-1","WB-E",18039480
"1030","MDVEGTLPEDLK","G132","Arachidonate","South","WB","E","WBE-1","WB-E",20475750
"1031","AGELGGSDPDYAMR","G129","Catalase","South","WB","E","WBE-1","WB-E",6313078
"1032","LTANIAGHLIGAQEFIQK","G129","Catalase","South","WB","E","WBE-1","WB-E",1000297
"1033","LYSYSDTHR","G129","Catalase","South","WB","E","WBE-1","WB-E",168020
"1034","AGELGGSDPDYAMR","G132","Catalase","South","WB","E","WBE-1","WB-E",7880407
"1035","LTANIAGHLIGAQEFIQK","G132","Catalase","South","WB","E","WBE-1","WB-E",985392
"1036","LYSYSDTHR","G132","Catalase","South","WB","E","WBE-1","WB-E",868960
"1037","IITRPFNVNGLLAYDSR","G129","Cytochrome","South","WB","E","WBE-1","WB-E",1865694
"1038","QSLLPFGATGPR","G129","Cytochrome","South","WB","E","WBE-1","WB-E",644524
"1039","WLDESGVFLPEEHPSR","G129","Cytochrome","South","WB","E","WBE-1","WB-E",2382300
"1040","IITRPFNVNGLLAYDSR","G132","Cytochrome","South","WB","E","WBE-1","WB-E",1484095
"1041","QSLLPFGATGPR","G132","Cytochrome","South","WB","E","WBE-1","WB-E",4451805
"1042","WLDESGVFLPEEHPSR","G132","Cytochrome","South","WB","E","WBE-1","WB-E",2015165
"1043","APNSFNLR","G129","Glycogen","South","WB","E","WBE-1","WB-E",5045303
"1044","TSFDAFPDK","G129","Glycogen","South","WB","E","WBE-1","WB-E",5407483
"1045","VLYPNDNFFEGK","G129","Glycogen","South","WB","E","WBE-1","WB-E",3960444
"1046","APNSFNLR","G132","Glycogen","South","WB","E","WBE-1","WB-E",7788280
"1047","TSFDAFPDK","G132","Glycogen","South","WB","E","WBE-1","WB-E",7917009
"1048","VLYPNDNFFEGK","G132","Glycogen","South","WB","E","WBE-1","WB-E",5611421
"1049","NAVVTVPAYFNDAQR","G129","HSP70","South","WB","E","WBE-1","WB-E",6256986
"1050","NAVVTVPAYFNDAQR","G132","HSP70","South","WB","E","WBE-1","WB-E",10901431
"1051","DSSTMGYMAAK","G129","HSP90-alpha","South","WB","E","WBE-1","WB-E",9559714
"1052","EVVQSSAFVER","G129","HSP90-alpha","South","WB","E","WBE-1","WB-E",23471976
"1053","GVVDSEDLPLNISR","G129","HSP90-alpha","South","WB","E","WBE-1","WB-E",21751482
"1054","DSSTMGYMAAK","G132","HSP90-alpha","South","WB","E","WBE-1","WB-E",11888440
"1055","EVVQSSAFVER","G132","HSP90-alpha","South","WB","E","WBE-1","WB-E",23439814
"1056","GVVDSEDLPLNISR","G132","HSP90-alpha","South","WB","E","WBE-1","WB-E",37845793
"1057","DNVVVIGFFK","G129","PDI","South","WB","E","WBE-1","WB-E",21406364
"1058","MDSTANEVEDVK","G129","PDI","South","WB","E","WBE-1","WB-E",5751642
"1059","DNVVVIGFFK","G132","PDI","South","WB","E","WBE-1","WB-E",32248726
"1060","MDSTANEVEDVK","G132","PDI","South","WB","E","WBE-1","WB-E",9354525
"1061","ALFIIDDK","G129","Peroxiredoxin-1","South","WB","E","WBE-1","WB-E",8524818
"1062","ALFIIDDK","G132","Peroxiredoxin-1","South","WB","E","WBE-1","WB-E",11460225
"1063","LNSGSVGVYR","G129","Puromycin-sensitive","South","WB","E","WBE-1","WB-E",3319606
"1064","SIQQSVENIR","G129","Puromycin-sensitive","South","WB","E","WBE-1","WB-E",5998574
"1065","SLTENFVTEEQAK","G129","Puromycin-sensitive","South","WB","E","WBE-1","WB-E",2302002
"1066","LNSGSVGVYR","G132","Puromycin-sensitive","South","WB","E","WBE-1","WB-E",5223168
"1067","SIQQSVENIR","G132","Puromycin-sensitive","South","WB","E","WBE-1","WB-E",11970224
"1068","SLTENFVTEEQAK","G132","Puromycin-sensitive","South","WB","E","WBE-1","WB-E",4127095
"1069","STIGVEFATR","G129","Ras-related","South","WB","E","WBE-1","WB-E",9564816
"1070","STIGVEFATR","G132","Ras-related","South","WB","E","WBE-1","WB-E",11969310
"1071","LLDQVWPDLR","G129","Sodium/potassium-transporting","South","WB","E","WBE-1","WB-E",1687358
"1072","TVIEPMAGDGLR","G129","Sodium/potassium-transporting","South","WB","E","WBE-1","WB-E",1962528
"1073","LLDQVWPDLR","G132","Sodium/potassium-transporting","South","WB","E","WBE-1","WB-E",2196236
"1074","TVIEPMAGDGLR","G132","Sodium/potassium-transporting","South","WB","E","WBE-1","WB-E",2723022
"1075","TIVVHADVDDLGK","G129","Superoxide","South","WB","E","WBE-1","WB-E",1057054
"1076","TIVVHADVDDLGK","G132","Superoxide","South","WB","E","WBE-1","WB-E",4137873
"1077","AAQDNGLLTDVLAYK","G129","Trifunctional","South","WB","E","WBE-1","WB-E",490750
"1078","ALELGLKPK","G129","Trifunctional","South","WB","E","WBE-1","WB-E",669118
"1079","AAQDNGLLTDVLAYK","G132","Trifunctional","South","WB","E","WBE-1","WB-E",1242643
"1080","ALELGLKPK","G132","Trifunctional","South","WB","E","WBE-1","WB-E",1807421
"1081","APGLPAQIK","G127","Arachidonate","South","WB","E","WBE-2","WB-E",29301505.5
"1082","GLGLGGVPGQNGK","G127","Arachidonate","South","WB","E","WBE-2","WB-E",10747948.5
"1083","MDVEGTLPEDLK","G127","Arachidonate","South","WB","E","WBE-2","WB-E",10942497
"1084","APGLPAQIK","G128","Arachidonate","South","WB","E","WBE-2","WB-E",15562230
"1085","GLGLGGVPGQNGK","G128","Arachidonate","South","WB","E","WBE-2","WB-E",8430337.5
"1086","MDVEGTLPEDLK","G128","Arachidonate","South","WB","E","WBE-2","WB-E",5961094.5
"1087","AGELGGSDPDYAMR","G127","Catalase","South","WB","E","WBE-2","WB-E",8408133
"1088","LTANIAGHLIGAQEFIQK","G127","Catalase","South","WB","E","WBE-2","WB-E",967351.5
"1089","LYSYSDTHR","G127","Catalase","South","WB","E","WBE-2","WB-E",930987
"1090","AGELGGSDPDYAMR","G128","Catalase","South","WB","E","WBE-2","WB-E",3592303.5
"1091","LTANIAGHLIGAQEFIQK","G128","Catalase","South","WB","E","WBE-2","WB-E",557605.5
"1092","LYSYSDTHR","G128","Catalase","South","WB","E","WBE-2","WB-E",395703
"1093","IITRPFNVNGLLAYDSR","G127","Cytochrome","South","WB","E","WBE-2","WB-E",1756197
"1094","QSLLPFGATGPR","G127","Cytochrome","South","WB","E","WBE-2","WB-E",5110851
"1095","WLDESGVFLPEEHPSR","G127","Cytochrome","South","WB","E","WBE-2","WB-E",603825
"1096","IITRPFNVNGLLAYDSR","G128","Cytochrome","South","WB","E","WBE-2","WB-E",1824801
"1097","QSLLPFGATGPR","G128","Cytochrome","South","WB","E","WBE-2","WB-E",3402769.5
"1098","WLDESGVFLPEEHPSR","G128","Cytochrome","South","WB","E","WBE-2","WB-E",1953211.5
"1099","APNSFNLR","G127","Glycogen","South","WB","E","WBE-2","WB-E",8150692.5
"1100","TSFDAFPDK","G127","Glycogen","South","WB","E","WBE-2","WB-E",6971980.5
"1101","VLYPNDNFFEGK","G127","Glycogen","South","WB","E","WBE-2","WB-E",5300163
"1102","APNSFNLR","G128","Glycogen","South","WB","E","WBE-2","WB-E",4162986
"1103","TSFDAFPDK","G128","Glycogen","South","WB","E","WBE-2","WB-E",3648573
"1104","VLYPNDNFFEGK","G128","Glycogen","South","WB","E","WBE-2","WB-E",2431209
"1105","NAVVTVPAYFNDAQR","G127","HSP70","South","WB","E","WBE-2","WB-E",9947184
"1106","NAVVTVPAYFNDAQR","G128","HSP70","South","WB","E","WBE-2","WB-E",5365077
"1107","DSSTMGYMAAK","G127","HSP90-alpha","South","WB","E","WBE-2","WB-E",9949903.5
"1108","EVVQSSAFVER","G127","HSP90-alpha","South","WB","E","WBE-2","WB-E",20381439
"1109","GVVDSEDLPLNISR","G127","HSP90-alpha","South","WB","E","WBE-2","WB-E",29407752
"1110","DSSTMGYMAAK","G128","HSP90-alpha","South","WB","E","WBE-2","WB-E",4103365.5
"1111","EVVQSSAFVER","G128","HSP90-alpha","South","WB","E","WBE-2","WB-E",20301300
"1112","GVVDSEDLPLNISR","G128","HSP90-alpha","South","WB","E","WBE-2","WB-E",15617622
"1113","DNVVVIGFFK","G127","PDI","South","WB","E","WBE-2","WB-E",25732650
"1114","MDSTANEVEDVK","G127","PDI","South","WB","E","WBE-2","WB-E",8056309.5
"1115","DNVVVIGFFK","G128","PDI","South","WB","E","WBE-2","WB-E",12380071.5
"1116","MDSTANEVEDVK","G128","PDI","South","WB","E","WBE-2","WB-E",3743095.5
"1117","ALFIIDDK","G127","Peroxiredoxin-1","South","WB","E","WBE-2","WB-E",1090857
"1118","ALFIIDDK","G128","Peroxiredoxin-1","South","WB","E","WBE-2","WB-E",6291264
"1119","LNSGSVGVYR","G127","Puromycin-sensitive","South","WB","E","WBE-2","WB-E",4645576.5
"1120","SIQQSVENIR","G127","Puromycin-sensitive","South","WB","E","WBE-2","WB-E",8462239.5
"1121","SLTENFVTEEQAK","G127","Puromycin-sensitive","South","WB","E","WBE-2","WB-E",3087118.5
"1122","LNSGSVGVYR","G128","Puromycin-sensitive","South","WB","E","WBE-2","WB-E",2529388.5
"1123","SIQQSVENIR","G128","Puromycin-sensitive","South","WB","E","WBE-2","WB-E",4248912
"1124","SLTENFVTEEQAK","G128","Puromycin-sensitive","South","WB","E","WBE-2","WB-E",1807060.5
"1125","STIGVEFATR","G127","Ras-related","South","WB","E","WBE-2","WB-E",12614376
"1126","STIGVEFATR","G128","Ras-related","South","WB","E","WBE-2","WB-E",5184583.5
"1127","LLDQVWPDLR","G127","Sodium/potassium-transporting","South","WB","E","WBE-2","WB-E",2422771.5
"1128","TVIEPMAGDGLR","G127","Sodium/potassium-transporting","South","WB","E","WBE-2","WB-E",3169615.5
"1129","LLDQVWPDLR","G128","Sodium/potassium-transporting","South","WB","E","WBE-2","WB-E",1338717
"1130","TVIEPMAGDGLR","G128","Sodium/potassium-transporting","South","WB","E","WBE-2","WB-E",1205805
"1131","TIVVHADVDDLGK","G127","Superoxide","South","WB","E","WBE-2","WB-E",2759166
"1132","TIVVHADVDDLGK","G128","Superoxide","South","WB","E","WBE-2","WB-E",748425
"1133","AAQDNGLLTDVLAYK","G127","Trifunctional","South","WB","E","WBE-2","WB-E",975556.5
"1134","ALELGLKPK","G127","Trifunctional","South","WB","E","WBE-2","WB-E",1261134
"1135","AAQDNGLLTDVLAYK","G128","Trifunctional","South","WB","E","WBE-2","WB-E",428770.5
"1136","ALELGLKPK","G128","Trifunctional","South","WB","E","WBE-2","WB-E",587397
"1137","APGLPAQIK","G109","Arachidonate","South","WB","E","WBE-3","WB-E",79916
"1138","GLGLGGVPGQNGK","G109","Arachidonate","South","WB","E","WBE-3","WB-E",3285094
"1139","APGLPAQIK","G110","Arachidonate","South","WB","E","WBE-3","WB-E",12259923
"1140","GLGLGGVPGQNGK","G110","Arachidonate","South","WB","E","WBE-3","WB-E",6734675
"1141","MDVEGTLPEDLK","G110","Arachidonate","South","WB","E","WBE-3","WB-E",6044763
"1142","AGELGGSDPDYAMR","G109","Catalase","South","WB","E","WBE-3","WB-E",1553257
"1143","LTANIAGHLIGAQEFIQK","G109","Catalase","South","WB","E","WBE-3","WB-E",465658
"1144","LYSYSDTHR","G109","Catalase","South","WB","E","WBE-3","WB-E",395938.5
"1145","AGELGGSDPDYAMR","G110","Catalase","South","WB","E","WBE-3","WB-E",2560882
"1146","LTANIAGHLIGAQEFIQK","G110","Catalase","South","WB","E","WBE-3","WB-E",541440
"1147","IITRPFNVNGLLAYDSR","G109","Cytochrome","South","WB","E","WBE-3","WB-E",573834
"1148","QSLLPFGATGPR","G109","Cytochrome","South","WB","E","WBE-3","WB-E",1056872
"1149","WLDESGVFLPEEHPSR","G109","Cytochrome","South","WB","E","WBE-3","WB-E",539283
"1150","IITRPFNVNGLLAYDSR","G110","Cytochrome","South","WB","E","WBE-3","WB-E",1097017
"1151","QSLLPFGATGPR","G110","Cytochrome","South","WB","E","WBE-3","WB-E",97742
"1152","WLDESGVFLPEEHPSR","G110","Cytochrome","South","WB","E","WBE-3","WB-E",966468
"1153","APNSFNLR","G109","Glycogen","South","WB","E","WBE-3","WB-E",414348
"1154","TSFDAFPDK","G109","Glycogen","South","WB","E","WBE-3","WB-E",1190610
"1155","VLYPNDNFFEGK","G109","Glycogen","South","WB","E","WBE-3","WB-E",1328480
"1156","APNSFNLR","G110","Glycogen","South","WB","E","WBE-3","WB-E",3683036
"1157","TSFDAFPDK","G110","Glycogen","South","WB","E","WBE-3","WB-E",3253268
"1158","VLYPNDNFFEGK","G110","Glycogen","South","WB","E","WBE-3","WB-E",2462339
"1159","NAVVTVPAYFNDAQR","G109","HSP70","South","WB","E","WBE-3","WB-E",3947960
"1160","NAVVTVPAYFNDAQR","G110","HSP70","South","WB","E","WBE-3","WB-E",4515990
"1161","DSSTMGYMAAK","G109","HSP90-alpha","South","WB","E","WBE-3","WB-E",516383
"1162","EVVQSSAFVER","G109","HSP90-alpha","South","WB","E","WBE-3","WB-E",3891376
"1163","GVVDSEDLPLNISR","G109","HSP90-alpha","South","WB","E","WBE-3","WB-E",7525315
"1164","DSSTMGYMAAK","G110","HSP90-alpha","South","WB","E","WBE-3","WB-E",4753452
"1165","EVVQSSAFVER","G110","HSP90-alpha","South","WB","E","WBE-3","WB-E",18475590
"1166","GVVDSEDLPLNISR","G110","HSP90-alpha","South","WB","E","WBE-3","WB-E",13279173
"1167","DNVVVIGFFK","G109","PDI","South","WB","E","WBE-3","WB-E",6800136
"1168","DNVVVIGFFK","G110","PDI","South","WB","E","WBE-3","WB-E",10303024
"1169","MDSTANEVEDVK","G110","PDI","South","WB","E","WBE-3","WB-E",2551119
"1170","ALFIIDDK","G109","Peroxiredoxin-1","South","WB","E","WBE-3","WB-E",4252794
"1171","ALFIIDDK","G110","Peroxiredoxin-1","South","WB","E","WBE-3","WB-E",5334397
"1172","SIQQSVENIR","G109","Puromycin-sensitive","South","WB","E","WBE-3","WB-E",1542344
"1173","SLTENFVTEEQAK","G109","Puromycin-sensitive","South","WB","E","WBE-3","WB-E",812300
"1174","LNSGSVGVYR","G110","Puromycin-sensitive","South","WB","E","WBE-3","WB-E",2551754
"1175","SIQQSVENIR","G110","Puromycin-sensitive","South","WB","E","WBE-3","WB-E",3997921
"1176","SLTENFVTEEQAK","G110","Puromycin-sensitive","South","WB","E","WBE-3","WB-E",1680701
"1177","STIGVEFATR","G109","Ras-related","South","WB","E","WBE-3","WB-E",2155417
"1178","STIGVEFATR","G110","Ras-related","South","WB","E","WBE-3","WB-E",4106294
"1179","LLDQVWPDLR","G109","Sodium/potassium-transporting","South","WB","E","WBE-3","WB-E",724715
"1180","TVIEPMAGDGLR","G109","Sodium/potassium-transporting","South","WB","E","WBE-3","WB-E",422472
"1181","LLDQVWPDLR","G110","Sodium/potassium-transporting","South","WB","E","WBE-3","WB-E",1378995
"1182","TVIEPMAGDGLR","G110","Sodium/potassium-transporting","South","WB","E","WBE-3","WB-E",1169525
"1183","THGAPTDEER","G109","Superoxide","South","WB","E","WBE-3","WB-E",301548
"1184","TIVVHADVDDLGK","G109","Superoxide","South","WB","E","WBE-3","WB-E",597765
"1185","THGAPTDEER","G110","Superoxide","South","WB","E","WBE-3","WB-E",511638
"1186","TIVVHADVDDLGK","G110","Superoxide","South","WB","E","WBE-3","WB-E",743658
"1187","AAQDNGLLTDVLAYK","G109","Trifunctional","South","WB","E","WBE-3","WB-E",276586
"1188","AAQDNGLLTDVLAYK","G110","Trifunctional","South","WB","E","WBE-3","WB-E",340151
"1189","ALELGLKPK","G110","Trifunctional","South","WB","E","WBE-3","WB-E",469204
