"","Sample","Protein","Region","Bay","Habitat","Exclosure","Sample.Shorthand","value"
"1","G012","Arachidonate","South","CI","B","CIB-4","CI-B",136953.592592593
"2","G013","Arachidonate","South","CI","B","CIB-4","CI-B",1805955.33333333
"3","G014","Arachidonate","South","CI","B","CIB-4","CI-B",1164970.72222222
"4","G012","Catalase","South","CI","B","CIB-4","CI-B",180144.5
"5","G013","Catalase","South","CI","B","CIB-4","CI-B",378279.555555556
"6","G014","Catalase","South","CI","B","CIB-4","CI-B",212333.222222222
"7","G012","Cytochrome","South","CI","B","CIB-4","CI-B",48631.2
"8","G013","Cytochrome","South","CI","B","CIB-4","CI-B",329085.6
"9","G014","Cytochrome","South","CI","B","CIB-4","CI-B",225534.2
"10","G012","Glycogen","South","CI","B","CIB-4","CI-B",232323.740740741
"11","G013","Glycogen","South","CI","B","CIB-4","CI-B",568652.5
"12","G014","Glycogen","South","CI","B","CIB-4","CI-B",414975.166666667
"13","G012","HSP70","South","CI","B","CIB-4","CI-B",189376.888888889
"14","G013","HSP70","South","CI","B","CIB-4","CI-B",900018
"15","G014","HSP70","South","CI","B","CIB-4","CI-B",757115.333333333
"16","G012","HSP90-alpha","South","CI","B","CIB-4","CI-B",168278.458333333
"17","G013","HSP90-alpha","South","CI","B","CIB-4","CI-B",3004710
"18","G014","HSP90-alpha","South","CI","B","CIB-4","CI-B",2011022.0625
"19","G012","PDI","South","CI","B","CIB-4","CI-B",527511.666666667
"20","G013","PDI","South","CI","B","CIB-4","CI-B",1703856.91666667
"21","G014","PDI","South","CI","B","CIB-4","CI-B",1113289.91666667
"22","G012","Peroxiredoxin-1","South","CI","B","CIB-4","CI-B",222094.222222222
"23","G013","Peroxiredoxin-1","South","CI","B","CIB-4","CI-B",992858.333333333
"24","G014","Peroxiredoxin-1","South","CI","B","CIB-4","CI-B",821515.5
"25","G012","Puromycin-sensitive","South","CI","B","CIB-4","CI-B",45080.037037037
"26","G013","Puromycin-sensitive","South","CI","B","CIB-4","CI-B",542898.5
"27","G014","Puromycin-sensitive","South","CI","B","CIB-4","CI-B",407355.777777778
"28","G012","Ras-related","South","CI","B","CIB-4","CI-B",150044.111111111
"29","G013","Ras-related","South","CI","B","CIB-4","CI-B",919331.666666667
"30","G014","Ras-related","South","CI","B","CIB-4","CI-B",686424.166666667
"31","G012","Sodium/potassium-transporting","South","CI","B","CIB-4","CI-B",79825.2222222222
"32","G013","Sodium/potassium-transporting","South","CI","B","CIB-4","CI-B",243428.166666667
"33","G014","Sodium/potassium-transporting","South","CI","B","CIB-4","CI-B",156968.333333333
"34","G012","Superoxide","South","CI","B","CIB-4","CI-B",25616.8333333333
"35","G013","Superoxide","South","CI","B","CIB-4","CI-B",160878.1
"36","G014","Superoxide","South","CI","B","CIB-4","CI-B",83226.3
"37","G012","Trifunctional","South","CI","B","CIB-4","CI-B",14048.3333333333
"38","G013","Trifunctional","South","CI","B","CIB-4","CI-B",101073.166666667
"39","G014","Trifunctional","South","CI","B","CIB-4","CI-B",52616.0833333333
"40","G015","Arachidonate","South","CI","B","CIB-5","CI-B",424314
"41","G016","Arachidonate","South","CI","B","CIB-5","CI-B",439594.666666667
"42","G017","Arachidonate","South","CI","B","CIB-5","CI-B",2731001.16666667
"43","G015","Catalase","South","CI","B","CIB-5","CI-B",157996
"44","G016","Catalase","South","CI","B","CIB-5","CI-B",212683.111111111
"45","G017","Catalase","South","CI","B","CIB-5","CI-B",728828.142857143
"46","G015","Cytochrome","South","CI","B","CIB-5","CI-B",104797.25
"47","G016","Cytochrome","South","CI","B","CIB-5","CI-B",85978.7
"48","G017","Cytochrome","South","CI","B","CIB-5","CI-B",431064.35
"49","G015","Glycogen","South","CI","B","CIB-5","CI-B",240709.111111111
"50","G016","Glycogen","South","CI","B","CIB-5","CI-B",239666.592592593
"51","G017","Glycogen","South","CI","B","CIB-5","CI-B",728394.444444444
"52","G015","HSP70","South","CI","B","CIB-5","CI-B",398698
"53","G016","HSP70","South","CI","B","CIB-5","CI-B",662174.222222222
"54","G017","HSP70","South","CI","B","CIB-5","CI-B",1355875.33333333
"55","G015","HSP90-alpha","South","CI","B","CIB-5","CI-B",895519.0625
"56","G016","HSP90-alpha","South","CI","B","CIB-5","CI-B",1897655.45833333
"57","G017","HSP90-alpha","South","CI","B","CIB-5","CI-B",3419678.1875
"58","G015","PDI","South","CI","B","CIB-5","CI-B",650541.666666667
"59","G016","PDI","South","CI","B","CIB-5","CI-B",1543440
"60","G017","PDI","South","CI","B","CIB-5","CI-B",2528626.91666667
"61","G015","Peroxiredoxin-1","South","CI","B","CIB-5","CI-B",369641
"62","G016","Peroxiredoxin-1","South","CI","B","CIB-5","CI-B",729838.777777778
"63","G017","Peroxiredoxin-1","South","CI","B","CIB-5","CI-B",1385755.5
"64","G015","Puromycin-sensitive","South","CI","B","CIB-5","CI-B",182802
"65","G016","Puromycin-sensitive","South","CI","B","CIB-5","CI-B",348438.944444444
"66","G017","Puromycin-sensitive","South","CI","B","CIB-5","CI-B",726966.444444444
"67","G015","Ras-related","South","CI","B","CIB-5","CI-B",393502.5
"68","G016","Ras-related","South","CI","B","CIB-5","CI-B",397819.444444444
"69","G017","Ras-related","South","CI","B","CIB-5","CI-B",1122582.5
"70","G015","Sodium/potassium-transporting","South","CI","B","CIB-5","CI-B",116072.083333333
"71","G016","Sodium/potassium-transporting","South","CI","B","CIB-5","CI-B",76851.9444444445
"72","G017","Sodium/potassium-transporting","South","CI","B","CIB-5","CI-B",395878.083333333
"73","G015","Superoxide","South","CI","B","CIB-5","CI-B",69423.3
"74","G016","Superoxide","South","CI","B","CIB-5","CI-B",180166.666666667
"75","G017","Superoxide","South","CI","B","CIB-5","CI-B",418165
"76","G015","Trifunctional","South","CI","B","CIB-5","CI-B",34152.75
"77","G016","Trifunctional","South","CI","B","CIB-5","CI-B",45074.6
"78","G017","Trifunctional","South","CI","B","CIB-5","CI-B",118396.75
"79","G001","Arachidonate","South","CI","E","CIE-2","CI-E",519442.111111111
"80","G002","Arachidonate","South","CI","E","CIE-2","CI-E",3283602.85185185
"81","G001","Catalase","South","CI","E","CIE-2","CI-E",120634.611111111
"82","G002","Catalase","South","CI","E","CIE-2","CI-E",656540.62962963
"83","G001","Cytochrome","South","CI","E","CIE-2","CI-E",90496.75
"84","G002","Cytochrome","South","CI","E","CIE-2","CI-E",737289.133333333
"85","G001","Glycogen","South","CI","E","CIE-2","CI-E",164561.75
"86","G002","Glycogen","South","CI","E","CIE-2","CI-E",855524.444444444
"87","G001","HSP70","South","CI","E","CIE-2","CI-E",335810.666666667
"88","G002","HSP70","South","CI","E","CIE-2","CI-E",1853474.44444444
"89","G001","HSP90-alpha","South","CI","E","CIE-2","CI-E",763689.8125
"90","G002","HSP90-alpha","South","CI","E","CIE-2","CI-E",4522480.375
"91","G001","PDI","South","CI","E","CIE-2","CI-E",421148.25
"92","G002","PDI","South","CI","E","CIE-2","CI-E",2808619.11111111
"93","G001","Peroxiredoxin-1","South","CI","E","CIE-2","CI-E",349751.833333333
"94","G002","Peroxiredoxin-1","South","CI","E","CIE-2","CI-E",1424393.33333333
"95","G001","Puromycin-sensitive","South","CI","E","CIE-2","CI-E",143329.888888889
"96","G002","Puromycin-sensitive","South","CI","E","CIE-2","CI-E",915708.851851852
"97","G001","Ras-related","South","CI","E","CIE-2","CI-E",269912.833333333
"98","G002","Ras-related","South","CI","E","CIE-2","CI-E",1211308.33333333
"99","G001","Sodium/potassium-transporting","South","CI","E","CIE-2","CI-E",74158.8
"100","G002","Sodium/potassium-transporting","South","CI","E","CIE-2","CI-E",467752.444444444
"101","G001","Superoxide","South","CI","E","CIE-2","CI-E",44174.5
"102","G002","Superoxide","South","CI","E","CIE-2","CI-E",578729.833333333
"103","G001","Trifunctional","South","CI","E","CIE-2","CI-E",36920.75
"104","G002","Trifunctional","South","CI","E","CIE-2","CI-E",185268.833333333
"105","G007","Arachidonate","South","CI","E","CIE-3","CI-E",2249770.05555556
"106","G008","Arachidonate","South","CI","E","CIE-3","CI-E",1317100.11111111
"107","G009","Arachidonate","South","CI","E","CIE-3","CI-E",935370.666666667
"108","G007","Catalase","South","CI","E","CIE-3","CI-E",525832.166666667
"109","G008","Catalase","South","CI","E","CIE-3","CI-E",915832.944444444
"110","G009","Catalase","South","CI","E","CIE-3","CI-E",263724.944444444
"111","G007","Cytochrome","South","CI","E","CIE-3","CI-E",529863.85
"112","G008","Cytochrome","South","CI","E","CIE-3","CI-E",271764.05
"113","G009","Cytochrome","South","CI","E","CIE-3","CI-E",334798.65
"114","G007","Glycogen","South","CI","E","CIE-3","CI-E",765199.111111111
"115","G008","Glycogen","South","CI","E","CIE-3","CI-E",416017.888888889
"116","G009","Glycogen","South","CI","E","CIE-3","CI-E",471065.166666667
"117","G007","HSP70","South","CI","E","CIE-3","CI-E",1090290.5
"118","G008","HSP70","South","CI","E","CIE-3","CI-E",512507.833333333
"119","G009","HSP70","South","CI","E","CIE-3","CI-E",745151.833333333
"120","G007","HSP90-alpha","South","CI","E","CIE-3","CI-E",3509814.3125
"121","G008","HSP90-alpha","South","CI","E","CIE-3","CI-E",1292159.625
"122","G009","HSP90-alpha","South","CI","E","CIE-3","CI-E",2049767.5
"123","G007","PDI","South","CI","E","CIE-3","CI-E",2160661.33333333
"124","G008","PDI","South","CI","E","CIE-3","CI-E",1544068.41666667
"125","G009","PDI","South","CI","E","CIE-3","CI-E",1358826.58333333
"126","G007","Peroxiredoxin-1","South","CI","E","CIE-3","CI-E",1367379
"127","G008","Peroxiredoxin-1","South","CI","E","CIE-3","CI-E",627356.666666667
"128","G009","Peroxiredoxin-1","South","CI","E","CIE-3","CI-E",901325.5
"129","G007","Puromycin-sensitive","South","CI","E","CIE-3","CI-E",702616.888888889
"130","G008","Puromycin-sensitive","South","CI","E","CIE-3","CI-E",347183.611111111
"131","G009","Puromycin-sensitive","South","CI","E","CIE-3","CI-E",427053.388888889
"132","G007","Ras-related","South","CI","E","CIE-3","CI-E",1520999.5
"133","G008","Ras-related","South","CI","E","CIE-3","CI-E",1065286.5
"134","G009","Ras-related","South","CI","E","CIE-3","CI-E",775475.833333333
"135","G007","Sodium/potassium-transporting","South","CI","E","CIE-3","CI-E",293170.666666667
"136","G008","Sodium/potassium-transporting","South","CI","E","CIE-3","CI-E",130720.833333333
"137","G009","Sodium/potassium-transporting","South","CI","E","CIE-3","CI-E",221317.5
"138","G007","Superoxide","South","CI","E","CIE-3","CI-E",192923.3
"139","G008","Superoxide","South","CI","E","CIE-3","CI-E",109451.2
"140","G009","Superoxide","South","CI","E","CIE-3","CI-E",133102.5
"141","G007","Trifunctional","South","CI","E","CIE-3","CI-E",118830.333333333
"142","G008","Trifunctional","South","CI","E","CIE-3","CI-E",107352.583333333
"143","G009","Trifunctional","South","CI","E","CIE-3","CI-E",67582.75
"144","G041","Arachidonate","North","FB","B","FBB-4","FB-B",998729.277777778
"145","G042","Arachidonate","North","FB","B","FBB-4","FB-B",1861304
"146","G043","Arachidonate","North","FB","B","FBB-4","FB-B",1501852.77777778
"147","G041","Catalase","North","FB","B","FBB-4","FB-B",155980.277777778
"148","G042","Catalase","North","FB","B","FBB-4","FB-B",462667.416666667
"149","G043","Catalase","North","FB","B","FBB-4","FB-B",141000.444444444
"150","G041","Cytochrome","North","FB","B","FBB-4","FB-B",177761.05
"151","G042","Cytochrome","North","FB","B","FBB-4","FB-B",243329.5
"152","G043","Cytochrome","North","FB","B","FBB-4","FB-B",256331.75
"153","G041","Glycogen","North","FB","B","FBB-4","FB-B",369215.722222222
"154","G042","Glycogen","North","FB","B","FBB-4","FB-B",631115.055555556
"155","G043","Glycogen","North","FB","B","FBB-4","FB-B",436902.777777778
"156","G041","HSP70","North","FB","B","FBB-4","FB-B",1266001.33333333
"157","G042","HSP70","North","FB","B","FBB-4","FB-B",1792681.33333333
"158","G043","HSP70","North","FB","B","FBB-4","FB-B",1478998.5
"159","G041","HSP90-alpha","North","FB","B","FBB-4","FB-B",2987259.125
"160","G042","HSP90-alpha","North","FB","B","FBB-4","FB-B",4487450.5625
"161","G043","HSP90-alpha","North","FB","B","FBB-4","FB-B",2809944.8125
"162","G041","PDI","North","FB","B","FBB-4","FB-B",1514912.08333333
"163","G042","PDI","North","FB","B","FBB-4","FB-B",3704095.83333333
"164","G043","PDI","North","FB","B","FBB-4","FB-B",2001727.91666667
"165","G041","Peroxiredoxin-1","North","FB","B","FBB-4","FB-B",793924
"166","G042","Peroxiredoxin-1","North","FB","B","FBB-4","FB-B",1566295.33333333
"167","G043","Peroxiredoxin-1","North","FB","B","FBB-4","FB-B",927566.666666667
"168","G041","Puromycin-sensitive","North","FB","B","FBB-4","FB-B",386668.722222222
"169","G042","Puromycin-sensitive","North","FB","B","FBB-4","FB-B",795358.111111111
"170","G043","Puromycin-sensitive","North","FB","B","FBB-4","FB-B",387005.777777778
"171","G041","Ras-related","North","FB","B","FBB-4","FB-B",660912.166666667
"172","G042","Ras-related","North","FB","B","FBB-4","FB-B",1296022
"173","G043","Ras-related","North","FB","B","FBB-4","FB-B",732100
"174","G041","Sodium/potassium-transporting","North","FB","B","FBB-4","FB-B",154998.833333333
"175","G042","Sodium/potassium-transporting","North","FB","B","FBB-4","FB-B",257735.666666667
"176","G043","Sodium/potassium-transporting","North","FB","B","FBB-4","FB-B",164728.333333333
"177","G041","Superoxide","North","FB","B","FBB-4","FB-B",53907.6
"178","G042","Superoxide","North","FB","B","FBB-4","FB-B",308007.25
"179","G043","Superoxide","North","FB","B","FBB-4","FB-B",64134.8
"180","G041","Trifunctional","North","FB","B","FBB-4","FB-B",79847.9166666667
"181","G042","Trifunctional","North","FB","B","FBB-4","FB-B",167202.75
"182","G043","Trifunctional","North","FB","B","FBB-4","FB-B",87145.5833333333
"183","G060","Arachidonate","North","FB","B","FBB-5","FB-B",3231735.16666667
"184","G060","Catalase","North","FB","B","FBB-5","FB-B",398179.777777778
"185","G060","Cytochrome","North","FB","B","FBB-5","FB-B",477558.15
"186","G060","Glycogen","North","FB","B","FBB-5","FB-B",949494.333333333
"187","G060","HSP70","North","FB","B","FBB-5","FB-B",2337057.83333333
"188","G060","HSP90-alpha","North","FB","B","FBB-5","FB-B",6269645.25
"189","G060","PDI","North","FB","B","FBB-5","FB-B",3884024.33333333
"190","G060","Peroxiredoxin-1","North","FB","B","FBB-5","FB-B",1745231.66666667
"191","G060","Puromycin-sensitive","North","FB","B","FBB-5","FB-B",1135699.66666667
"192","G060","Ras-related","North","FB","B","FBB-5","FB-B",1487807.33333333
"193","G060","Sodium/potassium-transporting","North","FB","B","FBB-5","FB-B",338063.166666667
"194","G060","Superoxide","North","FB","B","FBB-5","FB-B",435466
"195","G060","Trifunctional","North","FB","B","FBB-5","FB-B",244085.416666667
"196","G040","Arachidonate","North","FB","B","FBB-6","FB-B",3527747.11111111
"197","G040","Catalase","North","FB","B","FBB-6","FB-B",491856.722222222
"198","G040","Cytochrome","North","FB","B","FBB-6","FB-B",405765.45
"199","G040","Glycogen","North","FB","B","FBB-6","FB-B",733100.555555556
"200","G040","HSP70","North","FB","B","FBB-6","FB-B",1866768.83333333
"201","G040","HSP90-alpha","North","FB","B","FBB-6","FB-B",4740351.0625
"202","G040","PDI","North","FB","B","FBB-6","FB-B",3200420
"203","G040","Peroxiredoxin-1","North","FB","B","FBB-6","FB-B",1160426.66666667
"204","G040","Puromycin-sensitive","North","FB","B","FBB-6","FB-B",681414.111111111
"205","G040","Ras-related","North","FB","B","FBB-6","FB-B",1139800.16666667
"206","G040","Sodium/potassium-transporting","North","FB","B","FBB-6","FB-B",301209.083333333
"207","G040","Superoxide","North","FB","B","FBB-6","FB-B",174904.1
"208","G040","Trifunctional","North","FB","B","FBB-6","FB-B",191407.166666667
"209","G045","Arachidonate","North","FB","E","FBE-1","FB-E",1412734.88888889
"210","G047","Arachidonate","North","FB","E","FBE-1","FB-E",1094755.11111111
"211","G049","Arachidonate","North","FB","E","FBE-1","FB-E",2800297.38888889
"212","G045","Catalase","North","FB","E","FBE-1","FB-E",161571.666666667
"213","G047","Catalase","North","FB","E","FBE-1","FB-E",146320.125
"214","G049","Catalase","North","FB","E","FBE-1","FB-E",373609.444444444
"215","G045","Cytochrome","North","FB","E","FBE-1","FB-E",298390.4
"216","G047","Cytochrome","North","FB","E","FBE-1","FB-E",116406.2
"217","G049","Cytochrome","North","FB","E","FBE-1","FB-E",577298.4
"218","G045","Glycogen","North","FB","E","FBE-1","FB-E",505330.388888889
"219","G047","Glycogen","North","FB","E","FBE-1","FB-E",336001.055555556
"220","G049","Glycogen","North","FB","E","FBE-1","FB-E",924372.055555556
"221","G045","HSP70","North","FB","E","FBE-1","FB-E",1471823.66666667
"222","G047","HSP70","North","FB","E","FBE-1","FB-E",1140414.83333333
"223","G049","HSP70","North","FB","E","FBE-1","FB-E",2771839.66666667
"224","G045","HSP90-alpha","North","FB","E","FBE-1","FB-E",3292314.4375
"225","G047","HSP90-alpha","North","FB","E","FBE-1","FB-E",2477767.8125
"226","G049","HSP90-alpha","North","FB","E","FBE-1","FB-E",7434795.5625
"227","G045","PDI","North","FB","E","FBE-1","FB-E",2162884.91666667
"228","G047","PDI","North","FB","E","FBE-1","FB-E",1538969.58333333
"229","G049","PDI","North","FB","E","FBE-1","FB-E",3711169.83333333
"230","G045","Peroxiredoxin-1","North","FB","E","FBE-1","FB-E",1064022
"231","G047","Peroxiredoxin-1","North","FB","E","FBE-1","FB-E",771588.833333333
"232","G049","Peroxiredoxin-1","North","FB","E","FBE-1","FB-E",1880628.83333333
"233","G045","Puromycin-sensitive","North","FB","E","FBE-1","FB-E",457229.5
"234","G047","Puromycin-sensitive","North","FB","E","FBE-1","FB-E",363895.444444444
"235","G049","Puromycin-sensitive","North","FB","E","FBE-1","FB-E",1186194.88888889
"236","G045","Ras-related","North","FB","E","FBE-1","FB-E",814055.833333333
"237","G047","Ras-related","North","FB","E","FBE-1","FB-E",559988
"238","G049","Ras-related","North","FB","E","FBE-1","FB-E",1499330.66666667
"239","G045","Sodium/potassium-transporting","North","FB","E","FBE-1","FB-E",153939.75
"240","G047","Sodium/potassium-transporting","North","FB","E","FBE-1","FB-E",133806
"241","G049","Sodium/potassium-transporting","North","FB","E","FBE-1","FB-E",353976.75
"242","G045","Superoxide","North","FB","E","FBE-1","FB-E",159055.25
"243","G047","Superoxide","North","FB","E","FBE-1","FB-E",42378.2
"244","G049","Superoxide","North","FB","E","FBE-1","FB-E",360880
"245","G045","Trifunctional","North","FB","E","FBE-1","FB-E",112642.416666667
"246","G047","Trifunctional","North","FB","E","FBE-1","FB-E",79245
"247","G049","Trifunctional","North","FB","E","FBE-1","FB-E",232625.666666667
"248","G054","Arachidonate","North","FB","E","FBE-2","FB-E",1453747.72222222
"249","G054","Catalase","North","FB","E","FBE-2","FB-E",172666.833333333
"250","G054","Cytochrome","North","FB","E","FBE-2","FB-E",304477.7
"251","G054","Glycogen","North","FB","E","FBE-2","FB-E",534488.111111111
"252","G054","HSP70","North","FB","E","FBE-2","FB-E",1452205
"253","G054","HSP90-alpha","North","FB","E","FBE-2","FB-E",4304939.5
"254","G054","PDI","North","FB","E","FBE-2","FB-E",2854823.25
"255","G054","Peroxiredoxin-1","North","FB","E","FBE-2","FB-E",1151717.33333333
"256","G054","Puromycin-sensitive","North","FB","E","FBE-2","FB-E",643147.611111111
"257","G054","Ras-related","North","FB","E","FBE-2","FB-E",1095728
"258","G054","Sodium/potassium-transporting","North","FB","E","FBE-2","FB-E",203905.916666667
"259","G054","Superoxide","North","FB","E","FBE-2","FB-E",97191.5
"260","G054","Trifunctional","North","FB","E","FBE-2","FB-E",117097.916666667
"261","G055","Arachidonate","North","FB","E","FBE-3","FB-E",2107888
"262","G055","Catalase","North","FB","E","FBE-3","FB-E",353836.333333333
"263","G055","Cytochrome","North","FB","E","FBE-3","FB-E",342281.4
"264","G055","Glycogen","North","FB","E","FBE-3","FB-E",669940.8125
"265","G055","HSP70","North","FB","E","FBE-3","FB-E",1809721.33333333
"266","G055","HSP90-alpha","North","FB","E","FBE-3","FB-E",5153696.6875
"267","G055","PDI","North","FB","E","FBE-3","FB-E",3238697.25
"268","G055","Peroxiredoxin-1","North","FB","E","FBE-3","FB-E",1271005.25
"269","G055","Puromycin-sensitive","North","FB","E","FBE-3","FB-E",841418.444444444
"270","G055","Ras-related","North","FB","E","FBE-3","FB-E",1357729.33333333
"271","G055","Sodium/potassium-transporting","North","FB","E","FBE-3","FB-E",284768.416666667
"272","G055","Superoxide","North","FB","E","FBE-3","FB-E",306097.75
"273","G055","Trifunctional","North","FB","E","FBE-3","FB-E",178123.25
"274","G062","Arachidonate","North","PG","B","PGB-4","PG-B",761909.833333333
"275","G064","Arachidonate","North","PG","B","PGB-4","PG-B",2342881.77777778
"276","G062","Catalase","North","PG","B","PGB-4","PG-B",125491.833333333
"277","G064","Catalase","North","PG","B","PGB-4","PG-B",340681.055555556
"278","G062","Cytochrome","North","PG","B","PGB-4","PG-B",201515.3
"279","G064","Cytochrome","North","PG","B","PGB-4","PG-B",353688.7
"280","G062","Glycogen","North","PG","B","PGB-4","PG-B",303972.166666667
"281","G064","Glycogen","North","PG","B","PGB-4","PG-B",723145.111111111
"282","G062","HSP70","North","PG","B","PGB-4","PG-B",870709.333333333
"283","G064","HSP70","North","PG","B","PGB-4","PG-B",2310414.66666667
"284","G062","HSP90-alpha","North","PG","B","PGB-4","PG-B",2293796.875
"285","G064","HSP90-alpha","North","PG","B","PGB-4","PG-B",7000871.75
"286","G062","PDI","North","PG","B","PGB-4","PG-B",1614824.91666667
"287","G064","PDI","North","PG","B","PGB-4","PG-B",3805265.75
"288","G062","Peroxiredoxin-1","North","PG","B","PGB-4","PG-B",592609.666666667
"289","G064","Peroxiredoxin-1","North","PG","B","PGB-4","PG-B",1784384
"290","G062","Puromycin-sensitive","North","PG","B","PGB-4","PG-B",361228.111111111
"291","G064","Puromycin-sensitive","North","PG","B","PGB-4","PG-B",1125870.55555556
"292","G062","Ras-related","North","PG","B","PGB-4","PG-B",596695.5
"293","G064","Ras-related","North","PG","B","PGB-4","PG-B",1864640.33333333
"294","G062","Sodium/potassium-transporting","North","PG","B","PGB-4","PG-B",118027.833333333
"295","G064","Sodium/potassium-transporting","North","PG","B","PGB-4","PG-B",287667.916666667
"296","G062","Superoxide","North","PG","B","PGB-4","PG-B",61648.3
"297","G064","Superoxide","North","PG","B","PGB-4","PG-B",386667.5
"298","G062","Trifunctional","North","PG","B","PGB-4","PG-B",55580
"299","G064","Trifunctional","North","PG","B","PGB-4","PG-B",158330.833333333
"300","G079","Arachidonate","North","PG","B","PGB-5","PG-B",2726886.88888889
"301","G081","Arachidonate","North","PG","B","PGB-5","PG-B",785422.111111111
"302","G079","Catalase","North","PG","B","PGB-5","PG-B",556029.111111111
"303","G081","Catalase","North","PG","B","PGB-5","PG-B",140901.888888889
"304","G079","Cytochrome","North","PG","B","PGB-5","PG-B",363770.05
"305","G081","Cytochrome","North","PG","B","PGB-5","PG-B",167135.25
"306","G079","Glycogen","North","PG","B","PGB-5","PG-B",819980.722222222
"307","G081","Glycogen","North","PG","B","PGB-5","PG-B",370550.277777778
"308","G079","HSP70","North","PG","B","PGB-5","PG-B",2141195.83333333
"309","G081","HSP70","North","PG","B","PGB-5","PG-B",976112.5
"310","G079","HSP90-alpha","North","PG","B","PGB-5","PG-B",6333484.8125
"311","G081","HSP90-alpha","North","PG","B","PGB-5","PG-B",2351353.5
"312","G079","PDI","North","PG","B","PGB-5","PG-B",3882179.58333333
"313","G081","PDI","North","PG","B","PGB-5","PG-B",1703243.25
"314","G079","Peroxiredoxin-1","North","PG","B","PGB-5","PG-B",1738834.33333333
"315","G081","Peroxiredoxin-1","North","PG","B","PGB-5","PG-B",753912.5
"316","G079","Puromycin-sensitive","North","PG","B","PGB-5","PG-B",1040564
"317","G081","Puromycin-sensitive","North","PG","B","PGB-5","PG-B",376422.111111111
"318","G079","Ras-related","North","PG","B","PGB-5","PG-B",1631560
"319","G081","Ras-related","North","PG","B","PGB-5","PG-B",672518.666666667
"320","G079","Sodium/potassium-transporting","North","PG","B","PGB-5","PG-B",361858.916666667
"321","G081","Sodium/potassium-transporting","North","PG","B","PGB-5","PG-B",122053.5
"322","G079","Superoxide","North","PG","B","PGB-5","PG-B",449388.75
"323","G081","Superoxide","North","PG","B","PGB-5","PG-B",160197.75
"324","G079","Trifunctional","North","PG","B","PGB-5","PG-B",236946.916666667
"325","G081","Trifunctional","North","PG","B","PGB-5","PG-B",88134.25
"326","G066","Arachidonate","North","PG","B","PGB-6","PG-B",1263777.83333333
"327","G070","Arachidonate","North","PG","B","PGB-6","PG-B",1739359.5
"328","G066","Catalase","North","PG","B","PGB-6","PG-B",202099.5
"329","G070","Catalase","North","PG","B","PGB-6","PG-B",509780.166666667
"330","G066","Cytochrome","North","PG","B","PGB-6","PG-B",318961.55
"331","G070","Cytochrome","North","PG","B","PGB-6","PG-B",369775.55
"332","G066","Glycogen","North","PG","B","PGB-6","PG-B",423117.666666667
"333","G070","Glycogen","North","PG","B","PGB-6","PG-B",563031.833333333
"334","G066","HSP70","North","PG","B","PGB-6","PG-B",1282555.83333333
"335","G070","HSP70","North","PG","B","PGB-6","PG-B",1664862.83333333
"336","G066","HSP90-alpha","North","PG","B","PGB-6","PG-B",3513256.75
"337","G070","HSP90-alpha","North","PG","B","PGB-6","PG-B",4720037.25
"338","G066","PDI","North","PG","B","PGB-6","PG-B",1928300
"339","G070","PDI","North","PG","B","PGB-6","PG-B",3320408.41666667
"340","G066","Peroxiredoxin-1","North","PG","B","PGB-6","PG-B",844796
"341","G070","Peroxiredoxin-1","North","PG","B","PGB-6","PG-B",1128787
"342","G066","Puromycin-sensitive","North","PG","B","PGB-6","PG-B",532853.055555556
"343","G070","Puromycin-sensitive","North","PG","B","PGB-6","PG-B",734036.833333333
"344","G066","Ras-related","North","PG","B","PGB-6","PG-B",869016.666666667
"345","G070","Ras-related","North","PG","B","PGB-6","PG-B",1382657.16666667
"346","G066","Sodium/potassium-transporting","North","PG","B","PGB-6","PG-B",168625.666666667
"347","G070","Sodium/potassium-transporting","North","PG","B","PGB-6","PG-B",262072.75
"348","G066","Superoxide","North","PG","B","PGB-6","PG-B",81100
"349","G070","Superoxide","North","PG","B","PGB-6","PG-B",294403.25
"350","G066","Trifunctional","North","PG","B","PGB-6","PG-B",96213.1666666667
"351","G070","Trifunctional","North","PG","B","PGB-6","PG-B",152939.333333333
"352","G071-A","Arachidonate","North","PG","E","PGE-2","PG-E",2484649.61111111
"353","G071-B","Arachidonate","North","PG","E","PGE-2","PG-E",432049.222222222
"354","G073","Arachidonate","North","PG","E","PGE-2","PG-E",714070.444444444
"355","G074","Arachidonate","North","PG","E","PGE-2","PG-E",703090.944444444
"356","G071-A","Catalase","North","PG","E","PGE-2","PG-E",448999.722222222
"357","G071-B","Catalase","North","PG","E","PGE-2","PG-E",56506.1111111111
"358","G073","Catalase","North","PG","E","PGE-2","PG-E",183992.285714286
"359","G074","Catalase","North","PG","E","PGE-2","PG-E",117165.25
"360","G071-A","Cytochrome","North","PG","E","PGE-2","PG-E",430050.3
"361","G071-B","Cytochrome","North","PG","E","PGE-2","PG-E",90224.35
"362","G073","Cytochrome","North","PG","E","PGE-2","PG-E",128480.25
"363","G074","Cytochrome","North","PG","E","PGE-2","PG-E",170539
"364","G071-A","Glycogen","North","PG","E","PGE-2","PG-E",894526.777777778
"365","G071-B","Glycogen","North","PG","E","PGE-2","PG-E",140839.888888889
"366","G073","Glycogen","North","PG","E","PGE-2","PG-E",338416.777777778
"367","G074","Glycogen","North","PG","E","PGE-2","PG-E",269284
"368","G071-A","HSP70","North","PG","E","PGE-2","PG-E",1528707.5
"369","G071-B","HSP70","North","PG","E","PGE-2","PG-E",552715.166666667
"370","G073","HSP70","North","PG","E","PGE-2","PG-E",1057438.16666667
"371","G074","HSP70","North","PG","E","PGE-2","PG-E",825552.5
"372","G071-A","HSP90-alpha","North","PG","E","PGE-2","PG-E",4546545.4375
"373","G071-B","HSP90-alpha","North","PG","E","PGE-2","PG-E",1073690.3125
"374","G073","HSP90-alpha","North","PG","E","PGE-2","PG-E",2244158
"375","G074","HSP90-alpha","North","PG","E","PGE-2","PG-E",1751988.125
"376","G071-A","PDI","North","PG","E","PGE-2","PG-E",3671213.5
"377","G071-B","PDI","North","PG","E","PGE-2","PG-E",556238.333333333
"378","G073","PDI","North","PG","E","PGE-2","PG-E",1238015.16666667
"379","G074","PDI","North","PG","E","PGE-2","PG-E",1165841.5
"380","G071-A","Peroxiredoxin-1","North","PG","E","PGE-2","PG-E",1394755.66666667
"381","G071-B","Peroxiredoxin-1","North","PG","E","PGE-2","PG-E",374467.333333333
"382","G073","Peroxiredoxin-1","North","PG","E","PGE-2","PG-E",600681.75
"383","G074","Peroxiredoxin-1","North","PG","E","PGE-2","PG-E",672001.833333333
"384","G071-A","Puromycin-sensitive","North","PG","E","PGE-2","PG-E",923803.444444444
"385","G071-B","Puromycin-sensitive","North","PG","E","PGE-2","PG-E",172692.388888889
"386","G073","Puromycin-sensitive","North","PG","E","PGE-2","PG-E",363692.666666667
"387","G074","Puromycin-sensitive","North","PG","E","PGE-2","PG-E",301656.277777778
"388","G071-A","Ras-related","North","PG","E","PGE-2","PG-E",1752609.83333333
"389","G071-B","Ras-related","North","PG","E","PGE-2","PG-E",249687.666666667
"390","G073","Ras-related","North","PG","E","PGE-2","PG-E",579533.833333333
"391","G074","Ras-related","North","PG","E","PGE-2","PG-E",477048.833333333
"392","G071-A","Sodium/potassium-transporting","North","PG","E","PGE-2","PG-E",345830.083333333
"393","G071-B","Sodium/potassium-transporting","North","PG","E","PGE-2","PG-E",50605.5833333333
"394","G073","Sodium/potassium-transporting","North","PG","E","PGE-2","PG-E",120609.083333333
"395","G074","Sodium/potassium-transporting","North","PG","E","PGE-2","PG-E",106977.666666667
"396","G071-A","Superoxide","North","PG","E","PGE-2","PG-E",512080.25
"397","G071-B","Superoxide","North","PG","E","PGE-2","PG-E",32069.5
"398","G073","Superoxide","North","PG","E","PGE-2","PG-E",70177
"399","G074","Superoxide","North","PG","E","PGE-2","PG-E",32648.4
"400","G071-A","Trifunctional","North","PG","E","PGE-2","PG-E",203803.75
"401","G071-B","Trifunctional","North","PG","E","PGE-2","PG-E",37859.8333333333
"402","G073","Trifunctional","North","PG","E","PGE-2","PG-E",88604.1666666667
"403","G074","Trifunctional","North","PG","E","PGE-2","PG-E",45591.9166666667
"404","G031","Arachidonate","North","PG","E","PGE-3","PG-E",2094713.25925926
"405","G032","Arachidonate","North","PG","E","PGE-3","PG-E",752544.944444444
"406","G031","Catalase","North","PG","E","PGE-3","PG-E",444421.962962963
"407","G032","Catalase","North","PG","E","PGE-3","PG-E",141580.1875
"408","G031","Cytochrome","North","PG","E","PGE-3","PG-E",524725.133333333
"409","G032","Cytochrome","North","PG","E","PGE-3","PG-E",259624.25
"410","G031","Glycogen","North","PG","E","PGE-3","PG-E",761381.777777778
"411","G032","Glycogen","North","PG","E","PGE-3","PG-E",337200.555555556
"412","G031","HSP70","North","PG","E","PGE-3","PG-E",1951557
"413","G032","HSP70","North","PG","E","PGE-3","PG-E",781813.166666667
"414","G031","HSP90-alpha","North","PG","E","PGE-3","PG-E",3927046.125
"415","G032","HSP90-alpha","North","PG","E","PGE-3","PG-E",2282053.125
"416","G031","PDI","North","PG","E","PGE-3","PG-E",3926811.27777778
"417","G032","PDI","North","PG","E","PGE-3","PG-E",1135644.25
"418","G031","Peroxiredoxin-1","North","PG","E","PGE-3","PG-E",1398422.66666667
"419","G032","Peroxiredoxin-1","North","PG","E","PGE-3","PG-E",707571
"420","G031","Puromycin-sensitive","North","PG","E","PGE-3","PG-E",715833.296296296
"421","G032","Puromycin-sensitive","North","PG","E","PGE-3","PG-E",391907.944444444
"422","G031","Ras-related","North","PG","E","PGE-3","PG-E",1297721.77777778
"423","G032","Ras-related","North","PG","E","PGE-3","PG-E",545403.5
"424","G031","Sodium/potassium-transporting","North","PG","E","PGE-3","PG-E",318032.333333333
"425","G032","Sodium/potassium-transporting","North","PG","E","PGE-3","PG-E",127216.166666667
"426","G031","Superoxide","North","PG","E","PGE-3","PG-E",419673
"427","G032","Superoxide","North","PG","E","PGE-3","PG-E",48765.5
"428","G031","Trifunctional","North","PG","E","PGE-3","PG-E",193726.833333333
"429","G032","Trifunctional","North","PG","E","PGE-3","PG-E",57138.9166666667
"430","G104","Arachidonate","South","WB","B","WBB-4","WB-B",1114465.27777778
"431","G105","Arachidonate","South","WB","B","WBB-4","WB-B",1032415.38888889
"432","G104","Catalase","South","WB","B","WBB-4","WB-B",170301.083333333
"433","G105","Catalase","South","WB","B","WBB-4","WB-B",178519.277777778
"434","G104","Cytochrome","South","WB","B","WBB-4","WB-B",142030.8
"435","G105","Cytochrome","South","WB","B","WBB-4","WB-B",161855.111111111
"436","G104","Glycogen","South","WB","B","WBB-4","WB-B",304574.833333333
"437","G105","Glycogen","South","WB","B","WBB-4","WB-B",315747.833333333
"438","G104","HSP70","South","WB","B","WBB-4","WB-B",651902
"439","G105","HSP70","South","WB","B","WBB-4","WB-B",705941.166666667
"440","G104","HSP90-alpha","South","WB","B","WBB-4","WB-B",1695461.4375
"441","G105","HSP90-alpha","South","WB","B","WBB-4","WB-B",1515028.9375
"442","G104","PDI","South","WB","B","WBB-4","WB-B",1602909.5
"443","G105","PDI","South","WB","B","WBB-4","WB-B",1115768.33333333
"444","G104","Peroxiredoxin-1","South","WB","B","WBB-4","WB-B",507843
"445","G105","Peroxiredoxin-1","South","WB","B","WBB-4","WB-B",629812.5
"446","G104","Puromycin-sensitive","South","WB","B","WBB-4","WB-B",274692.5
"447","G105","Puromycin-sensitive","South","WB","B","WBB-4","WB-B",251294.111111111
"448","G104","Ras-related","South","WB","B","WBB-4","WB-B",562571.166666667
"449","G105","Ras-related","South","WB","B","WBB-4","WB-B",548061.166666667
"450","G104","Sodium/potassium-transporting","South","WB","B","WBB-4","WB-B",107510.333333333
"451","G105","Sodium/potassium-transporting","South","WB","B","WBB-4","WB-B",133666.25
"452","G104","Superoxide","South","WB","B","WBB-4","WB-B",115764.75
"453","G105","Superoxide","South","WB","B","WBB-4","WB-B",79415
"454","G104","Trifunctional","South","WB","B","WBB-4","WB-B",53363.75
"455","G105","Trifunctional","South","WB","B","WBB-4","WB-B",60551.4166666667
"456","G120","Arachidonate","South","WB","B","WBB-5","WB-B",2985995.44444444
"457","G122","Arachidonate","South","WB","B","WBB-5","WB-B",2542633.33333333
"458","G120","Catalase","South","WB","B","WBB-5","WB-B",451091.625
"459","G122","Catalase","South","WB","B","WBB-5","WB-B",355455.388888889
"460","G120","Cytochrome","South","WB","B","WBB-5","WB-B",489154.8
"461","G122","Cytochrome","South","WB","B","WBB-5","WB-B",419089.25
"462","G120","Glycogen","South","WB","B","WBB-5","WB-B",751364.888888889
"463","G122","Glycogen","South","WB","B","WBB-5","WB-B",763623.055555556
"464","G120","HSP70","South","WB","B","WBB-5","WB-B",1661630.33333333
"465","G122","HSP70","South","WB","B","WBB-5","WB-B",1351062.33333333
"466","G120","HSP90-alpha","South","WB","B","WBB-5","WB-B",3838320.625
"467","G122","HSP90-alpha","South","WB","B","WBB-5","WB-B",3001262.5
"468","G120","PDI","South","WB","B","WBB-5","WB-B",2088407.41666667
"469","G122","PDI","South","WB","B","WBB-5","WB-B",1888882.66666667
"470","G120","Peroxiredoxin-1","South","WB","B","WBB-5","WB-B",1225047.33333333
"471","G122","Peroxiredoxin-1","South","WB","B","WBB-5","WB-B",1180651.83333333
"472","G120","Puromycin-sensitive","South","WB","B","WBB-5","WB-B",670333
"473","G122","Puromycin-sensitive","South","WB","B","WBB-5","WB-B",531682.555555556
"474","G120","Ras-related","South","WB","B","WBB-5","WB-B",1623723.83333333
"475","G122","Ras-related","South","WB","B","WBB-5","WB-B",1145673
"476","G120","Sodium/potassium-transporting","South","WB","B","WBB-5","WB-B",308147.75
"477","G122","Sodium/potassium-transporting","South","WB","B","WBB-5","WB-B",257679.666666667
"478","G120","Superoxide","South","WB","B","WBB-5","WB-B",530556.25
"479","G122","Superoxide","South","WB","B","WBB-5","WB-B",359775.5
"480","G120","Trifunctional","South","WB","B","WBB-5","WB-B",165234.333333333
"481","G122","Trifunctional","South","WB","B","WBB-5","WB-B",129041.666666667
"482","G114","Arachidonate","South","WB","B","WBB-6","WB-B",1921726.16666667
"483","G116","Arachidonate","South","WB","B","WBB-6","WB-B",737549.222222222
"484","G114","Catalase","South","WB","B","WBB-6","WB-B",413300
"485","G116","Catalase","South","WB","B","WBB-6","WB-B",92781.6666666667
"486","G114","Cytochrome","South","WB","B","WBB-6","WB-B",341498.5
"487","G116","Cytochrome","South","WB","B","WBB-6","WB-B",72308.375
"488","G114","Glycogen","South","WB","B","WBB-6","WB-B",526921.111111111
"489","G116","Glycogen","South","WB","B","WBB-6","WB-B",191114
"490","G114","HSP70","South","WB","B","WBB-6","WB-B",1026158
"491","G116","HSP70","South","WB","B","WBB-6","WB-B",481358.833333333
"492","G114","HSP90-alpha","South","WB","B","WBB-6","WB-B",3266553.91666667
"493","G116","HSP90-alpha","South","WB","B","WBB-6","WB-B",950725.5
"494","G114","PDI","South","WB","B","WBB-6","WB-B",1878326.1
"495","G116","PDI","South","WB","B","WBB-6","WB-B",775150.333333333
"496","G114","Peroxiredoxin-1","South","WB","B","WBB-6","WB-B",1069091.16666667
"497","G116","Peroxiredoxin-1","South","WB","B","WBB-6","WB-B",486848.166666667
"498","G114","Puromycin-sensitive","South","WB","B","WBB-6","WB-B",500972.611111111
"499","G116","Puromycin-sensitive","South","WB","B","WBB-6","WB-B",192506.111111111
"500","G114","Ras-related","South","WB","B","WBB-6","WB-B",916150.5
"501","G116","Ras-related","South","WB","B","WBB-6","WB-B",245631.166666667
"502","G114","Sodium/potassium-transporting","South","WB","B","WBB-6","WB-B",224631
"503","G116","Sodium/potassium-transporting","South","WB","B","WBB-6","WB-B",58935.5
"504","G114","Superoxide","South","WB","B","WBB-6","WB-B",299117
"505","G116","Superoxide","South","WB","B","WBB-6","WB-B",65353.8
"506","G114","Trifunctional","South","WB","B","WBB-6","WB-B",99002.5833333333
"507","G116","Trifunctional","South","WB","B","WBB-6","WB-B",34040.4
"508","G129","Arachidonate","South","WB","E","WBE-1","WB-E",2117245.5
"509","G132","Arachidonate","South","WB","E","WBE-1","WB-E",3399628.55555556
"510","G129","Catalase","South","WB","E","WBE-1","WB-E",449039.611111111
"511","G132","Catalase","South","WB","E","WBE-1","WB-E",360546.62962963
"512","G129","Cytochrome","South","WB","E","WBE-1","WB-E",505582.7
"513","G132","Cytochrome","South","WB","E","WBE-1","WB-E",279761.166666667
"514","G129","Glycogen","South","WB","E","WBE-1","WB-E",800735
"515","G132","Glycogen","South","WB","E","WBE-1","WB-E",789507.777777778
"516","G129","HSP70","South","WB","E","WBE-1","WB-E",1090849.83333333
"517","G132","HSP70","South","WB","E","WBE-1","WB-E",1211270.11111111
"518","G129","HSP90-alpha","South","WB","E","WBE-1","WB-E",3423948.25
"519","G132","HSP90-alpha","South","WB","E","WBE-1","WB-E",3048918.625
"520","G129","PDI","South","WB","E","WBE-1","WB-E",2263167.16666667
"521","G132","PDI","South","WB","E","WBE-1","WB-E",2311291.72222222
"522","G129","Peroxiredoxin-1","South","WB","E","WBE-1","WB-E",1420803
"523","G132","Peroxiredoxin-1","South","WB","E","WBE-1","WB-E",1273358.33333333
"524","G129","Puromycin-sensitive","South","WB","E","WBE-1","WB-E",645565.666666667
"525","G132","Puromycin-sensitive","South","WB","E","WBE-1","WB-E",789647.666666667
"526","G129","Ras-related","South","WB","E","WBE-1","WB-E",1594136
"527","G132","Ras-related","South","WB","E","WBE-1","WB-E",1329923.33333333
"528","G129","Sodium/potassium-transporting","South","WB","E","WBE-1","WB-E",304157.166666667
"529","G132","Sodium/potassium-transporting","South","WB","E","WBE-1","WB-E",273292.111111111
"530","G129","Superoxide","South","WB","E","WBE-1","WB-E",435064.75
"531","G132","Superoxide","South","WB","E","WBE-1","WB-E",689645.5
"532","G129","Trifunctional","South","WB","E","WBE-1","WB-E",137814.1
"533","G132","Trifunctional","South","WB","E","WBE-1","WB-E",169448
"534","G127","Arachidonate","South","WB","E","WBE-2","WB-E",1888590.77777778
"535","G128","Arachidonate","South","WB","E","WBE-2","WB-E",1109394.88888889
"536","G127","Catalase","South","WB","E","WBE-2","WB-E",381721.166666667
"537","G128","Catalase","South","WB","E","WBE-2","WB-E",177005.388888889
"538","G127","Cytochrome","South","WB","E","WBE-2","WB-E",305595.85
"539","G128","Cytochrome","South","WB","E","WBE-2","WB-E",239359.4
"540","G127","Glycogen","South","WB","E","WBE-2","WB-E",756401.333333333
"541","G128","Glycogen","South","WB","E","WBE-2","WB-E",387880.111111111
"542","G127","HSP70","South","WB","E","WBE-2","WB-E",1156949.16666667
"543","G128","HSP70","South","WB","E","WBE-2","WB-E",596119.666666667
"544","G127","HSP90-alpha","South","WB","E","WBE-2","WB-E",2489128.9375
"545","G128","HSP90-alpha","South","WB","E","WBE-2","WB-E",1667595.3125
"546","G127","PDI","South","WB","E","WBE-2","WB-E",1877164.41666667
"547","G128","PDI","South","WB","E","WBE-2","WB-E",895731.5
"548","G127","Peroxiredoxin-1","South","WB","E","WBE-2","WB-E",1037255.66666667
"549","G128","Peroxiredoxin-1","South","WB","E","WBE-2","WB-E",699029.333333333
"550","G127","Puromycin-sensitive","South","WB","E","WBE-2","WB-E",599812.388888889
"551","G128","Puromycin-sensitive","South","WB","E","WBE-2","WB-E",317976.333333333
"552","G127","Ras-related","South","WB","E","WBE-2","WB-E",1401597.33333333
"553","G128","Ras-related","South","WB","E","WBE-2","WB-E",576064.833333333
"554","G127","Sodium/potassium-transporting","South","WB","E","WBE-2","WB-E",310688.166666667
"555","G128","Sodium/potassium-transporting","South","WB","E","WBE-2","WB-E",141362.333333333
"556","G127","Superoxide","South","WB","E","WBE-2","WB-E",217200.9
"557","G128","Superoxide","South","WB","E","WBE-2","WB-E",94341.1
"558","G127","Trifunctional","South","WB","E","WBE-2","WB-E",124260.583333333
"559","G128","Trifunctional","South","WB","E","WBE-2","WB-E",59839.5833333333
"560","G109","Arachidonate","South","WB","E","WBE-3","WB-E",375767.148148148
"561","G110","Arachidonate","South","WB","E","WBE-3","WB-E",1391075.61111111
"562","G109","Catalase","South","WB","E","WBE-3","WB-E",89439.0185185185
"563","G110","Catalase","South","WB","E","WBE-3","WB-E",192020.444444444
"564","G109","Cytochrome","South","WB","E","WBE-3","WB-E",76066.1666666667
"565","G110","Cytochrome","South","WB","E","WBE-3","WB-E",221596.35
"566","G109","Glycogen","South","WB","E","WBE-3","WB-E",161079.777777778
"567","G110","Glycogen","South","WB","E","WBE-3","WB-E",522146.833333333
"568","G109","HSP70","South","WB","E","WBE-3","WB-E",438662.222222222
"569","G110","HSP70","South","WB","E","WBE-3","WB-E",752665
"570","G109","HSP90-alpha","South","WB","E","WBE-3","WB-E",701096.041666667
"571","G110","HSP90-alpha","South","WB","E","WBE-3","WB-E",2281763.4375
"572","G109","PDI","South","WB","E","WBE-3","WB-E",755570.666666667
"573","G110","PDI","South","WB","E","WBE-3","WB-E",1108899.08333333
"574","G109","Peroxiredoxin-1","South","WB","E","WBE-3","WB-E",472532.666666667
"575","G110","Peroxiredoxin-1","South","WB","E","WBE-3","WB-E",889066.166666667
"576","G109","Puromycin-sensitive","South","WB","E","WBE-3","WB-E",130813.555555556
"577","G110","Puromycin-sensitive","South","WB","E","WBE-3","WB-E",457243.111111111
"578","G109","Ras-related","South","WB","E","WBE-3","WB-E",239490.777777778
"579","G110","Ras-related","South","WB","E","WBE-3","WB-E",684382.333333333
"580","G109","Sodium/potassium-transporting","South","WB","E","WBE-3","WB-E",65317.7222222222
"581","G110","Sodium/potassium-transporting","South","WB","E","WBE-3","WB-E",212376.666666667
"582","G109","Superoxide","South","WB","E","WBE-3","WB-E",63475.3
"583","G110","Superoxide","South","WB","E","WBE-3","WB-E",125529.6
"584","G109","Trifunctional","South","WB","E","WBE-3","WB-E",32269
"585","G110","Trifunctional","South","WB","E","WBE-3","WB-E",67446.25
