"","Protein","Sample","Region","Bay","Habitat","Exclosure","Sample.Shorthand","value"
"1","Arachidonate","G012","South","CI","B","CIB-4","CI-B",1232582.33333333
"2","Catalase","G012","South","CI","B","CIB-4","CI-B",1621300.5
"3","Cytochrome","G012","South","CI","B","CIB-4","CI-B",486312
"4","Glycogen","G012","South","CI","B","CIB-4","CI-B",2090913.66666667
"5","HSP70","G012","South","CI","B","CIB-4","CI-B",1704392
"6","HSP90-alpha","G012","South","CI","B","CIB-4","CI-B",1346227.66666667
"7","PDI","G012","South","CI","B","CIB-4","CI-B",4747605
"8","Peroxiredoxin-1","G012","South","CI","B","CIB-4","CI-B",1998848
"9","Puromycin-sensitive","G012","South","CI","B","CIB-4","CI-B",405720.333333333
"10","Ras-related","G012","South","CI","B","CIB-4","CI-B",1350397
"11","Sodium/potassium-transporting","G012","South","CI","B","CIB-4","CI-B",718427
"12","Superoxide","G012","South","CI","B","CIB-4","CI-B",153701
"13","Trifunctional","G012","South","CI","B","CIB-4","CI-B",84290
"14","Arachidonate","G013","South","CI","B","CIB-4","CI-B",10835732
"15","Catalase","G013","South","CI","B","CIB-4","CI-B",2269677.33333333
"16","Cytochrome","G013","South","CI","B","CIB-4","CI-B",2193904
"17","Glycogen","G013","South","CI","B","CIB-4","CI-B",3411915
"18","HSP70","G013","South","CI","B","CIB-4","CI-B",5400108
"19","HSP90-alpha","G013","South","CI","B","CIB-4","CI-B",16025120
"20","PDI","G013","South","CI","B","CIB-4","CI-B",10223141.5
"21","Peroxiredoxin-1","G013","South","CI","B","CIB-4","CI-B",5957150
"22","Puromycin-sensitive","G013","South","CI","B","CIB-4","CI-B",3257391
"23","Ras-related","G013","South","CI","B","CIB-4","CI-B",5515990
"24","Sodium/potassium-transporting","G013","South","CI","B","CIB-4","CI-B",1460569
"25","Superoxide","G013","South","CI","B","CIB-4","CI-B",804390.5
"26","Trifunctional","G013","South","CI","B","CIB-4","CI-B",606439
"27","Arachidonate","G014","South","CI","B","CIB-4","CI-B",6989824.33333333
"28","Catalase","G014","South","CI","B","CIB-4","CI-B",1273999.33333333
"29","Cytochrome","G014","South","CI","B","CIB-4","CI-B",1503561.33333333
"30","Glycogen","G014","South","CI","B","CIB-4","CI-B",2489851
"31","HSP70","G014","South","CI","B","CIB-4","CI-B",4542692
"32","HSP90-alpha","G014","South","CI","B","CIB-4","CI-B",10725451
"33","PDI","G014","South","CI","B","CIB-4","CI-B",6679739.5
"34","Peroxiredoxin-1","G014","South","CI","B","CIB-4","CI-B",4929093
"35","Puromycin-sensitive","G014","South","CI","B","CIB-4","CI-B",2444134.66666667
"36","Ras-related","G014","South","CI","B","CIB-4","CI-B",4118545
"37","Sodium/potassium-transporting","G014","South","CI","B","CIB-4","CI-B",941810
"38","Superoxide","G014","South","CI","B","CIB-4","CI-B",416131.5
"39","Trifunctional","G014","South","CI","B","CIB-4","CI-B",315696.5
"40","Arachidonate","G015","South","CI","B","CIB-5","CI-B",2263008
"41","Catalase","G015","South","CI","B","CIB-5","CI-B",947976
"42","Cytochrome","G015","South","CI","B","CIB-5","CI-B",698648.333333333
"43","Glycogen","G015","South","CI","B","CIB-5","CI-B",1444254.66666667
"44","HSP70","G015","South","CI","B","CIB-5","CI-B",2392188
"45","HSP90-alpha","G015","South","CI","B","CIB-5","CI-B",4776101.66666667
"46","PDI","G015","South","CI","B","CIB-5","CI-B",3903250
"47","Peroxiredoxin-1","G015","South","CI","B","CIB-5","CI-B",2217846
"48","Puromycin-sensitive","G015","South","CI","B","CIB-5","CI-B",1096812
"49","Ras-related","G015","South","CI","B","CIB-5","CI-B",2361015
"50","Sodium/potassium-transporting","G015","South","CI","B","CIB-5","CI-B",696432.5
"51","Superoxide","G015","South","CI","B","CIB-5","CI-B",347116.5
"52","Trifunctional","G015","South","CI","B","CIB-5","CI-B",204916.5
"53","Arachidonate","G016","South","CI","B","CIB-5","CI-B",3077162.66666667
"54","Catalase","G016","South","CI","B","CIB-5","CI-B",1914148
"55","Cytochrome","G016","South","CI","B","CIB-5","CI-B",859787
"56","Glycogen","G016","South","CI","B","CIB-5","CI-B",2156999.33333333
"57","HSP70","G016","South","CI","B","CIB-5","CI-B",5959568
"58","HSP90-alpha","G016","South","CI","B","CIB-5","CI-B",15181243.6666667
"59","PDI","G016","South","CI","B","CIB-5","CI-B",13890960
"60","Peroxiredoxin-1","G016","South","CI","B","CIB-5","CI-B",6568549
"61","Puromycin-sensitive","G016","South","CI","B","CIB-5","CI-B",3135950.5
"62","Ras-related","G016","South","CI","B","CIB-5","CI-B",3580375
"63","Sodium/potassium-transporting","G016","South","CI","B","CIB-5","CI-B",691667.5
"64","Superoxide","G016","South","CI","B","CIB-5","CI-B",1081000
"65","Trifunctional","G016","South","CI","B","CIB-5","CI-B",338059.5
"66","Arachidonate","G017","South","CI","B","CIB-5","CI-B",16386007
"67","Catalase","G017","South","CI","B","CIB-5","CI-B",3401198
"68","Cytochrome","G017","South","CI","B","CIB-5","CI-B",2873762.33333333
"69","Glycogen","G017","South","CI","B","CIB-5","CI-B",4370366.66666667
"70","HSP70","G017","South","CI","B","CIB-5","CI-B",8135252
"71","HSP90-alpha","G017","South","CI","B","CIB-5","CI-B",18238283.6666667
"72","PDI","G017","South","CI","B","CIB-5","CI-B",15171761.5
"73","Peroxiredoxin-1","G017","South","CI","B","CIB-5","CI-B",8314533
"74","Puromycin-sensitive","G017","South","CI","B","CIB-5","CI-B",4361798.66666667
"75","Ras-related","G017","South","CI","B","CIB-5","CI-B",6735495
"76","Sodium/potassium-transporting","G017","South","CI","B","CIB-5","CI-B",2375268.5
"77","Superoxide","G017","South","CI","B","CIB-5","CI-B",1672660
"78","Trifunctional","G017","South","CI","B","CIB-5","CI-B",710380.5
"79","Arachidonate","G001","South","CI","E","CIE-2","CI-E",3116652.66666667
"80","Catalase","G001","South","CI","E","CIE-2","CI-E",723807.666666667
"81","Cytochrome","G001","South","CI","E","CIE-2","CI-E",482649.333333333
"82","Glycogen","G001","South","CI","E","CIE-2","CI-E",877662.666666667
"83","HSP70","G001","South","CI","E","CIE-2","CI-E",2014864
"84","HSP90-alpha","G001","South","CI","E","CIE-2","CI-E",4073012.33333333
"85","PDI","G001","South","CI","E","CIE-2","CI-E",2526889.5
"86","Peroxiredoxin-1","G001","South","CI","E","CIE-2","CI-E",2098511
"87","Puromycin-sensitive","G001","South","CI","E","CIE-2","CI-E",859979.333333333
"88","Ras-related","G001","South","CI","E","CIE-2","CI-E",1619477
"89","Sodium/potassium-transporting","G001","South","CI","E","CIE-2","CI-E",370794
"90","Superoxide","G001","South","CI","E","CIE-2","CI-E",220872.5
"91","Trifunctional","G001","South","CI","E","CIE-2","CI-E",147683
"92","Arachidonate","G002","South","CI","E","CIE-2","CI-E",29552425.6666667
"93","Catalase","G002","South","CI","E","CIE-2","CI-E",5908865.66666667
"94","Cytochrome","G002","South","CI","E","CIE-2","CI-E",7372891.33333333
"95","Glycogen","G002","South","CI","E","CIE-2","CI-E",7699720
"96","HSP70","G002","South","CI","E","CIE-2","CI-E",16681270
"97","HSP90-alpha","G002","South","CI","E","CIE-2","CI-E",36179843
"98","PDI","G002","South","CI","E","CIE-2","CI-E",25277572
"99","Peroxiredoxin-1","G002","South","CI","E","CIE-2","CI-E",12819540
"100","Puromycin-sensitive","G002","South","CI","E","CIE-2","CI-E",8241379.66666667
"101","Ras-related","G002","South","CI","E","CIE-2","CI-E",10901775
"102","Sodium/potassium-transporting","G002","South","CI","E","CIE-2","CI-E",4209772
"103","Superoxide","G002","South","CI","E","CIE-2","CI-E",3472379
"104","Trifunctional","G002","South","CI","E","CIE-2","CI-E",1667419.5
"105","Arachidonate","G007","South","CI","E","CIE-3","CI-E",13498620.3333333
"106","Catalase","G007","South","CI","E","CIE-3","CI-E",3154993
"107","Cytochrome","G007","South","CI","E","CIE-3","CI-E",3532425.66666667
"108","Glycogen","G007","South","CI","E","CIE-3","CI-E",4591194.66666667
"109","HSP70","G007","South","CI","E","CIE-3","CI-E",6541743
"110","HSP90-alpha","G007","South","CI","E","CIE-3","CI-E",18719009.6666667
"111","PDI","G007","South","CI","E","CIE-3","CI-E",12963968
"112","Peroxiredoxin-1","G007","South","CI","E","CIE-3","CI-E",8204274
"113","Puromycin-sensitive","G007","South","CI","E","CIE-3","CI-E",4215701.33333333
"114","Ras-related","G007","South","CI","E","CIE-3","CI-E",9125997
"115","Sodium/potassium-transporting","G007","South","CI","E","CIE-3","CI-E",1759024
"116","Superoxide","G007","South","CI","E","CIE-3","CI-E",964616.5
"117","Trifunctional","G007","South","CI","E","CIE-3","CI-E",712982
"118","Arachidonate","G008","South","CI","E","CIE-3","CI-E",7902600.66666667
"119","Catalase","G008","South","CI","E","CIE-3","CI-E",5494997.66666667
"120","Cytochrome","G008","South","CI","E","CIE-3","CI-E",1811760.33333333
"121","Glycogen","G008","South","CI","E","CIE-3","CI-E",2496107.33333333
"122","HSP70","G008","South","CI","E","CIE-3","CI-E",3075047
"123","HSP90-alpha","G008","South","CI","E","CIE-3","CI-E",6891518
"124","PDI","G008","South","CI","E","CIE-3","CI-E",9264410.5
"125","Peroxiredoxin-1","G008","South","CI","E","CIE-3","CI-E",3764140
"126","Puromycin-sensitive","G008","South","CI","E","CIE-3","CI-E",2083101.66666667
"127","Ras-related","G008","South","CI","E","CIE-3","CI-E",6391719
"128","Sodium/potassium-transporting","G008","South","CI","E","CIE-3","CI-E",784325
"129","Superoxide","G008","South","CI","E","CIE-3","CI-E",547256
"130","Trifunctional","G008","South","CI","E","CIE-3","CI-E",644115.5
"131","Arachidonate","G009","South","CI","E","CIE-3","CI-E",5612224
"132","Catalase","G009","South","CI","E","CIE-3","CI-E",1582349.66666667
"133","Cytochrome","G009","South","CI","E","CIE-3","CI-E",2231991
"134","Glycogen","G009","South","CI","E","CIE-3","CI-E",2826391
"135","HSP70","G009","South","CI","E","CIE-3","CI-E",4470911
"136","HSP90-alpha","G009","South","CI","E","CIE-3","CI-E",10932093.3333333
"137","PDI","G009","South","CI","E","CIE-3","CI-E",8152959.5
"138","Peroxiredoxin-1","G009","South","CI","E","CIE-3","CI-E",5407953
"139","Puromycin-sensitive","G009","South","CI","E","CIE-3","CI-E",2562320.33333333
"140","Ras-related","G009","South","CI","E","CIE-3","CI-E",4652855
"141","Sodium/potassium-transporting","G009","South","CI","E","CIE-3","CI-E",1327905
"142","Superoxide","G009","South","CI","E","CIE-3","CI-E",532410
"143","Trifunctional","G009","South","CI","E","CIE-3","CI-E",405496.5
"144","Arachidonate","G041","North","FB","B","FBB-4","FB-B",5992375.66666667
"145","Catalase","G041","North","FB","B","FBB-4","FB-B",935881.666666667
"146","Cytochrome","G041","North","FB","B","FBB-4","FB-B",1185073.66666667
"147","Glycogen","G041","North","FB","B","FBB-4","FB-B",2215294.33333333
"148","HSP70","G041","North","FB","B","FBB-4","FB-B",7596008
"149","HSP90-alpha","G041","North","FB","B","FBB-4","FB-B",15932048.6666667
"150","PDI","G041","North","FB","B","FBB-4","FB-B",9089472.5
"151","Peroxiredoxin-1","G041","North","FB","B","FBB-4","FB-B",4763544
"152","Puromycin-sensitive","G041","North","FB","B","FBB-4","FB-B",2320012.33333333
"153","Ras-related","G041","North","FB","B","FBB-4","FB-B",3965473
"154","Sodium/potassium-transporting","G041","North","FB","B","FBB-4","FB-B",929993
"155","Superoxide","G041","North","FB","B","FBB-4","FB-B",269538
"156","Trifunctional","G041","North","FB","B","FBB-4","FB-B",479087.5
"157","Arachidonate","G042","North","FB","B","FBB-4","FB-B",16751736
"158","Catalase","G042","North","FB","B","FBB-4","FB-B",4164006.75
"159","Cytochrome","G042","North","FB","B","FBB-4","FB-B",2433295
"160","Glycogen","G042","North","FB","B","FBB-4","FB-B",5680035.5
"161","HSP70","G042","North","FB","B","FBB-4","FB-B",16134132
"162","HSP90-alpha","G042","North","FB","B","FBB-4","FB-B",35899604.5
"163","PDI","G042","North","FB","B","FBB-4","FB-B",33336862.5
"164","Peroxiredoxin-1","G042","North","FB","B","FBB-4","FB-B",14096658
"165","Puromycin-sensitive","G042","North","FB","B","FBB-4","FB-B",7158223
"166","Ras-related","G042","North","FB","B","FBB-4","FB-B",11664198
"167","Sodium/potassium-transporting","G042","North","FB","B","FBB-4","FB-B",2319621
"168","Superoxide","G042","North","FB","B","FBB-4","FB-B",1848043.5
"169","Trifunctional","G042","North","FB","B","FBB-4","FB-B",1504824.75
"170","Arachidonate","G043","North","FB","B","FBB-4","FB-B",9011116.66666667
"171","Catalase","G043","North","FB","B","FBB-4","FB-B",846002.666666667
"172","Cytochrome","G043","North","FB","B","FBB-4","FB-B",1708878.33333333
"173","Glycogen","G043","North","FB","B","FBB-4","FB-B",2621416.66666667
"174","HSP70","G043","North","FB","B","FBB-4","FB-B",8873991
"175","HSP90-alpha","G043","North","FB","B","FBB-4","FB-B",14986372.3333333
"176","PDI","G043","North","FB","B","FBB-4","FB-B",12010367.5
"177","Peroxiredoxin-1","G043","North","FB","B","FBB-4","FB-B",5565400
"178","Puromycin-sensitive","G043","North","FB","B","FBB-4","FB-B",2322034.66666667
"179","Ras-related","G043","North","FB","B","FBB-4","FB-B",4392600
"180","Sodium/potassium-transporting","G043","North","FB","B","FBB-4","FB-B",988370
"181","Superoxide","G043","North","FB","B","FBB-4","FB-B",320674
"182","Trifunctional","G043","North","FB","B","FBB-4","FB-B",522873.5
"183","Arachidonate","G060","North","FB","B","FBB-5","FB-B",19390411
"184","Catalase","G060","North","FB","B","FBB-5","FB-B",2389078.66666667
"185","Cytochrome","G060","North","FB","B","FBB-5","FB-B",3183721
"186","Glycogen","G060","North","FB","B","FBB-5","FB-B",5696966
"187","HSP70","G060","North","FB","B","FBB-5","FB-B",14022347
"188","HSP90-alpha","G060","North","FB","B","FBB-5","FB-B",33438108
"189","PDI","G060","North","FB","B","FBB-5","FB-B",23304146
"190","Peroxiredoxin-1","G060","North","FB","B","FBB-5","FB-B",10471390
"191","Puromycin-sensitive","G060","North","FB","B","FBB-5","FB-B",6814198
"192","Ras-related","G060","North","FB","B","FBB-5","FB-B",8926844
"193","Sodium/potassium-transporting","G060","North","FB","B","FBB-5","FB-B",2028379
"194","Superoxide","G060","North","FB","B","FBB-5","FB-B",1741864
"195","Trifunctional","G060","North","FB","B","FBB-5","FB-B",1464512.5
"196","Arachidonate","G040","North","FB","B","FBB-6","FB-B",21166482.6666667
"197","Catalase","G040","North","FB","B","FBB-6","FB-B",2951140.33333333
"198","Cytochrome","G040","North","FB","B","FBB-6","FB-B",2705103
"199","Glycogen","G040","North","FB","B","FBB-6","FB-B",4398603.33333333
"200","HSP70","G040","North","FB","B","FBB-6","FB-B",11200613
"201","HSP90-alpha","G040","North","FB","B","FBB-6","FB-B",25281872.3333333
"202","PDI","G040","North","FB","B","FBB-6","FB-B",19202520
"203","Peroxiredoxin-1","G040","North","FB","B","FBB-6","FB-B",6962560
"204","Puromycin-sensitive","G040","North","FB","B","FBB-6","FB-B",4088484.66666667
"205","Ras-related","G040","North","FB","B","FBB-6","FB-B",6838801
"206","Sodium/potassium-transporting","G040","North","FB","B","FBB-6","FB-B",1807254.5
"207","Superoxide","G040","North","FB","B","FBB-6","FB-B",874520.5
"208","Trifunctional","G040","North","FB","B","FBB-6","FB-B",1148443
"209","Arachidonate","G045","North","FB","E","FBE-1","FB-E",8476409.33333333
"210","Catalase","G045","North","FB","E","FBE-1","FB-E",969430
"211","Cytochrome","G045","North","FB","E","FBE-1","FB-E",1989269.33333333
"212","Glycogen","G045","North","FB","E","FBE-1","FB-E",3031982.33333333
"213","HSP70","G045","North","FB","E","FBE-1","FB-E",8830942
"214","HSP90-alpha","G045","North","FB","E","FBE-1","FB-E",17559010.3333333
"215","PDI","G045","North","FB","E","FBE-1","FB-E",12977309.5
"216","Peroxiredoxin-1","G045","North","FB","E","FBE-1","FB-E",6384132
"217","Puromycin-sensitive","G045","North","FB","E","FBE-1","FB-E",2743377
"218","Ras-related","G045","North","FB","E","FBE-1","FB-E",4884335
"219","Sodium/potassium-transporting","G045","North","FB","E","FBE-1","FB-E",923638.5
"220","Superoxide","G045","North","FB","E","FBE-1","FB-E",636221
"221","Trifunctional","G045","North","FB","E","FBE-1","FB-E",675854.5
"222","Arachidonate","G047","North","FB","E","FBE-1","FB-E",6568530.66666667
"223","Catalase","G047","North","FB","E","FBE-1","FB-E",780374
"224","Cytochrome","G047","North","FB","E","FBE-1","FB-E",776041.333333333
"225","Glycogen","G047","North","FB","E","FBE-1","FB-E",2016006.33333333
"226","HSP70","G047","North","FB","E","FBE-1","FB-E",6842489
"227","HSP90-alpha","G047","North","FB","E","FBE-1","FB-E",13214761.6666667
"228","PDI","G047","North","FB","E","FBE-1","FB-E",9233817.5
"229","Peroxiredoxin-1","G047","North","FB","E","FBE-1","FB-E",4629533
"230","Puromycin-sensitive","G047","North","FB","E","FBE-1","FB-E",2183372.66666667
"231","Ras-related","G047","North","FB","E","FBE-1","FB-E",3359928
"232","Sodium/potassium-transporting","G047","North","FB","E","FBE-1","FB-E",802836
"233","Superoxide","G047","North","FB","E","FBE-1","FB-E",211891
"234","Trifunctional","G047","North","FB","E","FBE-1","FB-E",475470
"235","Arachidonate","G049","North","FB","E","FBE-1","FB-E",16801784.3333333
"236","Catalase","G049","North","FB","E","FBE-1","FB-E",2241656.66666667
"237","Cytochrome","G049","North","FB","E","FBE-1","FB-E",3848656
"238","Glycogen","G049","North","FB","E","FBE-1","FB-E",5546232.33333333
"239","HSP70","G049","North","FB","E","FBE-1","FB-E",16631038
"240","HSP90-alpha","G049","North","FB","E","FBE-1","FB-E",39652243
"241","PDI","G049","North","FB","E","FBE-1","FB-E",22267019
"242","Peroxiredoxin-1","G049","North","FB","E","FBE-1","FB-E",11283773
"243","Puromycin-sensitive","G049","North","FB","E","FBE-1","FB-E",7117169.33333333
"244","Ras-related","G049","North","FB","E","FBE-1","FB-E",8995984
"245","Sodium/potassium-transporting","G049","North","FB","E","FBE-1","FB-E",2123860.5
"246","Superoxide","G049","North","FB","E","FBE-1","FB-E",1443520
"247","Trifunctional","G049","North","FB","E","FBE-1","FB-E",1395754
"248","Arachidonate","G054","North","FB","E","FBE-2","FB-E",8722486.33333333
"249","Catalase","G054","North","FB","E","FBE-2","FB-E",1036001
"250","Cytochrome","G054","North","FB","E","FBE-2","FB-E",2029851.33333333
"251","Glycogen","G054","North","FB","E","FBE-2","FB-E",3206928.66666667
"252","HSP70","G054","North","FB","E","FBE-2","FB-E",8713230
"253","HSP90-alpha","G054","North","FB","E","FBE-2","FB-E",22959677.3333333
"254","PDI","G054","North","FB","E","FBE-2","FB-E",17128939.5
"255","Peroxiredoxin-1","G054","North","FB","E","FBE-2","FB-E",6910304
"256","Puromycin-sensitive","G054","North","FB","E","FBE-2","FB-E",3858885.66666667
"257","Ras-related","G054","North","FB","E","FBE-2","FB-E",6574368
"258","Sodium/potassium-transporting","G054","North","FB","E","FBE-2","FB-E",1223435.5
"259","Superoxide","G054","North","FB","E","FBE-2","FB-E",485957.5
"260","Trifunctional","G054","North","FB","E","FBE-2","FB-E",702587.5
"261","Arachidonate","G055","North","FB","E","FBE-3","FB-E",18970992
"262","Catalase","G055","North","FB","E","FBE-3","FB-E",3184527
"263","Cytochrome","G055","North","FB","E","FBE-3","FB-E",3422814
"264","Glycogen","G055","North","FB","E","FBE-3","FB-E",5359526.5
"265","HSP70","G055","North","FB","E","FBE-3","FB-E",16287492
"266","HSP90-alpha","G055","North","FB","E","FBE-3","FB-E",41229573.5
"267","PDI","G055","North","FB","E","FBE-3","FB-E",29148275.25
"268","Peroxiredoxin-1","G055","North","FB","E","FBE-3","FB-E",7626031.5
"269","Puromycin-sensitive","G055","North","FB","E","FBE-3","FB-E",7572766
"270","Ras-related","G055","North","FB","E","FBE-3","FB-E",12219564
"271","Sodium/potassium-transporting","G055","North","FB","E","FBE-3","FB-E",2562915.75
"272","Superoxide","G055","North","FB","E","FBE-3","FB-E",1836586.5
"273","Trifunctional","G055","North","FB","E","FBE-3","FB-E",1603109.25
"274","Arachidonate","G062","North","PG","B","PGB-4","PG-B",4571459
"275","Catalase","G062","North","PG","B","PGB-4","PG-B",752951
"276","Cytochrome","G062","North","PG","B","PGB-4","PG-B",1343435.33333333
"277","Glycogen","G062","North","PG","B","PGB-4","PG-B",1823833
"278","HSP70","G062","North","PG","B","PGB-4","PG-B",5224256
"279","HSP90-alpha","G062","North","PG","B","PGB-4","PG-B",12233583.3333333
"280","PDI","G062","North","PG","B","PGB-4","PG-B",9688949.5
"281","Peroxiredoxin-1","G062","North","PG","B","PGB-4","PG-B",3555658
"282","Puromycin-sensitive","G062","North","PG","B","PGB-4","PG-B",2167368.66666667
"283","Ras-related","G062","North","PG","B","PGB-4","PG-B",3580173
"284","Sodium/potassium-transporting","G062","North","PG","B","PGB-4","PG-B",708167
"285","Superoxide","G062","North","PG","B","PGB-4","PG-B",308241.5
"286","Trifunctional","G062","North","PG","B","PGB-4","PG-B",333480
"287","Arachidonate","G064","North","PG","B","PGB-4","PG-B",14057290.6666667
"288","Catalase","G064","North","PG","B","PGB-4","PG-B",2044086.33333333
"289","Cytochrome","G064","North","PG","B","PGB-4","PG-B",2357924.66666667
"290","Glycogen","G064","North","PG","B","PGB-4","PG-B",4338870.66666667
"291","HSP70","G064","North","PG","B","PGB-4","PG-B",13862488
"292","HSP90-alpha","G064","North","PG","B","PGB-4","PG-B",37337982.6666667
"293","PDI","G064","North","PG","B","PGB-4","PG-B",22831594.5
"294","Peroxiredoxin-1","G064","North","PG","B","PGB-4","PG-B",10706304
"295","Puromycin-sensitive","G064","North","PG","B","PGB-4","PG-B",6755223.33333333
"296","Ras-related","G064","North","PG","B","PGB-4","PG-B",11187842
"297","Sodium/potassium-transporting","G064","North","PG","B","PGB-4","PG-B",1726007.5
"298","Superoxide","G064","North","PG","B","PGB-4","PG-B",1546670
"299","Trifunctional","G064","North","PG","B","PGB-4","PG-B",949985
"300","Arachidonate","G079","North","PG","B","PGB-5","PG-B",16361321.3333333
"301","Catalase","G079","North","PG","B","PGB-5","PG-B",3336174.66666667
"302","Cytochrome","G079","North","PG","B","PGB-5","PG-B",2425133.66666667
"303","Glycogen","G079","North","PG","B","PGB-5","PG-B",4919884.33333333
"304","HSP70","G079","North","PG","B","PGB-5","PG-B",12847175
"305","HSP90-alpha","G079","North","PG","B","PGB-5","PG-B",33778585.6666667
"306","PDI","G079","North","PG","B","PGB-5","PG-B",23293077.5
"307","Peroxiredoxin-1","G079","North","PG","B","PGB-5","PG-B",10433006
"308","Puromycin-sensitive","G079","North","PG","B","PGB-5","PG-B",6243384
"309","Ras-related","G079","North","PG","B","PGB-5","PG-B",9789360
"310","Sodium/potassium-transporting","G079","North","PG","B","PGB-5","PG-B",2171153.5
"311","Superoxide","G079","North","PG","B","PGB-5","PG-B",1797555
"312","Trifunctional","G079","North","PG","B","PGB-5","PG-B",1421681.5
"313","Arachidonate","G081","North","PG","B","PGB-5","PG-B",4712532.66666667
"314","Catalase","G081","North","PG","B","PGB-5","PG-B",845411.333333333
"315","Cytochrome","G081","North","PG","B","PGB-5","PG-B",1114235
"316","Glycogen","G081","North","PG","B","PGB-5","PG-B",2223301.66666667
"317","HSP70","G081","North","PG","B","PGB-5","PG-B",5856675
"318","HSP90-alpha","G081","North","PG","B","PGB-5","PG-B",12540552
"319","PDI","G081","North","PG","B","PGB-5","PG-B",10219459.5
"320","Peroxiredoxin-1","G081","North","PG","B","PGB-5","PG-B",4523475
"321","Puromycin-sensitive","G081","North","PG","B","PGB-5","PG-B",2258532.66666667
"322","Ras-related","G081","North","PG","B","PGB-5","PG-B",4035112
"323","Sodium/potassium-transporting","G081","North","PG","B","PGB-5","PG-B",732321
"324","Superoxide","G081","North","PG","B","PGB-5","PG-B",640791
"325","Trifunctional","G081","North","PG","B","PGB-5","PG-B",528805.5
"326","Arachidonate","G066","North","PG","B","PGB-6","PG-B",7582667
"327","Catalase","G066","North","PG","B","PGB-6","PG-B",1212597
"328","Cytochrome","G066","North","PG","B","PGB-6","PG-B",2126410.33333333
"329","Glycogen","G066","North","PG","B","PGB-6","PG-B",2538706
"330","HSP70","G066","North","PG","B","PGB-6","PG-B",7695335
"331","HSP90-alpha","G066","North","PG","B","PGB-6","PG-B",18737369.3333333
"332","PDI","G066","North","PG","B","PGB-6","PG-B",11569800
"333","Peroxiredoxin-1","G066","North","PG","B","PGB-6","PG-B",5068776
"334","Puromycin-sensitive","G066","North","PG","B","PGB-6","PG-B",3197118.33333333
"335","Ras-related","G066","North","PG","B","PGB-6","PG-B",5214100
"336","Sodium/potassium-transporting","G066","North","PG","B","PGB-6","PG-B",1011754
"337","Superoxide","G066","North","PG","B","PGB-6","PG-B",405500
"338","Trifunctional","G066","North","PG","B","PGB-6","PG-B",577279
"339","Arachidonate","G070","North","PG","B","PGB-6","PG-B",15654235.5
"340","Catalase","G070","North","PG","B","PGB-6","PG-B",4588021.5
"341","Cytochrome","G070","North","PG","B","PGB-6","PG-B",3697755.5
"342","Glycogen","G070","North","PG","B","PGB-6","PG-B",5067286.5
"343","HSP70","G070","North","PG","B","PGB-6","PG-B",14983765.5
"344","HSP90-alpha","G070","North","PG","B","PGB-6","PG-B",37760298
"345","PDI","G070","North","PG","B","PGB-6","PG-B",29883675.75
"346","Peroxiredoxin-1","G070","North","PG","B","PGB-6","PG-B",10159083
"347","Puromycin-sensitive","G070","North","PG","B","PGB-6","PG-B",6606331.5
"348","Ras-related","G070","North","PG","B","PGB-6","PG-B",12443914.5
"349","Sodium/potassium-transporting","G070","North","PG","B","PGB-6","PG-B",2358654.75
"350","Superoxide","G070","North","PG","B","PGB-6","PG-B",1766419.5
"351","Trifunctional","G070","North","PG","B","PGB-6","PG-B",1376454
"352","Arachidonate","G071-A","North","PG","E","PGE-2","PG-E",14907897.6666667
"353","Catalase","G071-A","North","PG","E","PGE-2","PG-E",2693998.33333333
"354","Cytochrome","G071-A","North","PG","E","PGE-2","PG-E",2867002
"355","Glycogen","G071-A","North","PG","E","PGE-2","PG-E",5367160.66666667
"356","HSP70","G071-A","North","PG","E","PGE-2","PG-E",9172245
"357","HSP90-alpha","G071-A","North","PG","E","PGE-2","PG-E",24248242.3333333
"358","PDI","G071-A","North","PG","E","PGE-2","PG-E",22027281
"359","Peroxiredoxin-1","G071-A","North","PG","E","PGE-2","PG-E",8368534
"360","Puromycin-sensitive","G071-A","North","PG","E","PGE-2","PG-E",5542820.66666667
"361","Ras-related","G071-A","North","PG","E","PGE-2","PG-E",10515659
"362","Sodium/potassium-transporting","G071-A","North","PG","E","PGE-2","PG-E",2074980.5
"363","Superoxide","G071-A","North","PG","E","PGE-2","PG-E",2048321
"364","Trifunctional","G071-A","North","PG","E","PGE-2","PG-E",1222822.5
"365","Arachidonate","G071-B","North","PG","E","PGE-2","PG-E",2592295.33333333
"366","Catalase","G071-B","North","PG","E","PGE-2","PG-E",339036.666666667
"367","Cytochrome","G071-B","North","PG","E","PGE-2","PG-E",601495.666666667
"368","Glycogen","G071-B","North","PG","E","PGE-2","PG-E",845039.333333333
"369","HSP70","G071-B","North","PG","E","PGE-2","PG-E",3316291
"370","HSP90-alpha","G071-B","North","PG","E","PGE-2","PG-E",5726348.33333333
"371","PDI","G071-B","North","PG","E","PGE-2","PG-E",3337430
"372","Peroxiredoxin-1","G071-B","North","PG","E","PGE-2","PG-E",2246804
"373","Puromycin-sensitive","G071-B","North","PG","E","PGE-2","PG-E",1036154.33333333
"374","Ras-related","G071-B","North","PG","E","PGE-2","PG-E",1498126
"375","Sodium/potassium-transporting","G071-B","North","PG","E","PGE-2","PG-E",303633.5
"376","Superoxide","G071-B","North","PG","E","PGE-2","PG-E",160347.5
"377","Trifunctional","G071-B","North","PG","E","PGE-2","PG-E",227159
"378","Arachidonate","G073","North","PG","E","PGE-2","PG-E",6426634
"379","Catalase","G073","North","PG","E","PGE-2","PG-E",1287946
"380","Cytochrome","G073","North","PG","E","PGE-2","PG-E",770881.5
"381","Glycogen","G073","North","PG","E","PGE-2","PG-E",3045751
"382","HSP70","G073","North","PG","E","PGE-2","PG-E",9516943.5
"383","HSP90-alpha","G073","North","PG","E","PGE-2","PG-E",17953264
"384","PDI","G073","North","PG","E","PGE-2","PG-E",11142136.5
"385","Peroxiredoxin-1","G073","North","PG","E","PGE-2","PG-E",3604090.5
"386","Puromycin-sensitive","G073","North","PG","E","PGE-2","PG-E",3273234
"387","Ras-related","G073","North","PG","E","PGE-2","PG-E",5215804.5
"388","Sodium/potassium-transporting","G073","North","PG","E","PGE-2","PG-E",1085481.75
"389","Superoxide","G073","North","PG","E","PGE-2","PG-E",421062
"390","Trifunctional","G073","North","PG","E","PGE-2","PG-E",797437.5
"391","Arachidonate","G074","North","PG","E","PGE-2","PG-E",4218545.66666667
"392","Catalase","G074","North","PG","E","PGE-2","PG-E",624881.333333333
"393","Cytochrome","G074","North","PG","E","PGE-2","PG-E",1136926.66666667
"394","Glycogen","G074","North","PG","E","PGE-2","PG-E",1615704
"395","HSP70","G074","North","PG","E","PGE-2","PG-E",4953315
"396","HSP90-alpha","G074","North","PG","E","PGE-2","PG-E",9343936.66666667
"397","PDI","G074","North","PG","E","PGE-2","PG-E",6995049
"398","Peroxiredoxin-1","G074","North","PG","E","PGE-2","PG-E",4032011
"399","Puromycin-sensitive","G074","North","PG","E","PGE-2","PG-E",1809937.66666667
"400","Ras-related","G074","North","PG","E","PGE-2","PG-E",2862293
"401","Sodium/potassium-transporting","G074","North","PG","E","PGE-2","PG-E",641866
"402","Superoxide","G074","North","PG","E","PGE-2","PG-E",163242
"403","Trifunctional","G074","North","PG","E","PGE-2","PG-E",273551.5
"404","Arachidonate","G031","North","PG","E","PGE-3","PG-E",18852419.3333333
"405","Catalase","G031","North","PG","E","PGE-3","PG-E",3999797.66666667
"406","Cytochrome","G031","North","PG","E","PGE-3","PG-E",5247251.33333333
"407","Glycogen","G031","North","PG","E","PGE-3","PG-E",6852436
"408","HSP70","G031","North","PG","E","PGE-3","PG-E",17564013
"409","HSP90-alpha","G031","North","PG","E","PGE-3","PG-E",31416369
"410","PDI","G031","North","PG","E","PGE-3","PG-E",35341301.5
"411","Peroxiredoxin-1","G031","North","PG","E","PGE-3","PG-E",12585804
"412","Puromycin-sensitive","G031","North","PG","E","PGE-3","PG-E",6442499.66666667
"413","Ras-related","G031","North","PG","E","PGE-3","PG-E",11679496
"414","Sodium/potassium-transporting","G031","North","PG","E","PGE-3","PG-E",2862291
"415","Superoxide","G031","North","PG","E","PGE-3","PG-E",2518038
"416","Trifunctional","G031","North","PG","E","PGE-3","PG-E",1743541.5
"417","Arachidonate","G032","North","PG","E","PGE-3","PG-E",4515269.66666667
"418","Catalase","G032","North","PG","E","PGE-3","PG-E",755094.333333333
"419","Cytochrome","G032","North","PG","E","PGE-3","PG-E",1384662.66666667
"420","Glycogen","G032","North","PG","E","PGE-3","PG-E",2023203.33333333
"421","HSP70","G032","North","PG","E","PGE-3","PG-E",4690879
"422","HSP90-alpha","G032","North","PG","E","PGE-3","PG-E",12170950
"423","PDI","G032","North","PG","E","PGE-3","PG-E",6813865.5
"424","Peroxiredoxin-1","G032","North","PG","E","PGE-3","PG-E",4245426
"425","Puromycin-sensitive","G032","North","PG","E","PGE-3","PG-E",2351447.66666667
"426","Ras-related","G032","North","PG","E","PGE-3","PG-E",3272421
"427","Sodium/potassium-transporting","G032","North","PG","E","PGE-3","PG-E",763297
"428","Superoxide","G032","North","PG","E","PGE-3","PG-E",243827.5
"429","Trifunctional","G032","North","PG","E","PGE-3","PG-E",342833.5
"430","Arachidonate","G104","South","WB","B","WBB-4","WB-B",6686791.66666667
"431","Catalase","G104","South","WB","B","WBB-4","WB-B",1021806.5
"432","Cytochrome","G104","South","WB","B","WBB-4","WB-B",946872
"433","Glycogen","G104","South","WB","B","WBB-4","WB-B",1827449
"434","HSP70","G104","South","WB","B","WBB-4","WB-B",3911412
"435","HSP90-alpha","G104","South","WB","B","WBB-4","WB-B",9042461
"436","PDI","G104","South","WB","B","WBB-4","WB-B",9617457
"437","Peroxiredoxin-1","G104","South","WB","B","WBB-4","WB-B",3047058
"438","Puromycin-sensitive","G104","South","WB","B","WBB-4","WB-B",1648155
"439","Ras-related","G104","South","WB","B","WBB-4","WB-B",3375427
"440","Sodium/potassium-transporting","G104","South","WB","B","WBB-4","WB-B",645062
"441","Superoxide","G104","South","WB","B","WBB-4","WB-B",463059
"442","Trifunctional","G104","South","WB","B","WBB-4","WB-B",320182.5
"443","Arachidonate","G105","South","WB","B","WBB-4","WB-B",6194492.33333333
"444","Catalase","G105","South","WB","B","WBB-4","WB-B",1071115.66666667
"445","Cytochrome","G105","South","WB","B","WBB-4","WB-B",971130.666666667
"446","Glycogen","G105","South","WB","B","WBB-4","WB-B",1894487
"447","HSP70","G105","South","WB","B","WBB-4","WB-B",4235647
"448","HSP90-alpha","G105","South","WB","B","WBB-4","WB-B",8080154.33333333
"449","PDI","G105","South","WB","B","WBB-4","WB-B",6694610
"450","Peroxiredoxin-1","G105","South","WB","B","WBB-4","WB-B",3778875
"451","Puromycin-sensitive","G105","South","WB","B","WBB-4","WB-B",1507764.66666667
"452","Ras-related","G105","South","WB","B","WBB-4","WB-B",3288367
"453","Sodium/potassium-transporting","G105","South","WB","B","WBB-4","WB-B",801997.5
"454","Superoxide","G105","South","WB","B","WBB-4","WB-B",397075
"455","Trifunctional","G105","South","WB","B","WBB-4","WB-B",363308.5
"456","Arachidonate","G120","South","WB","B","WBB-5","WB-B",17915972.6666667
"457","Catalase","G120","South","WB","B","WBB-5","WB-B",2405822
"458","Cytochrome","G120","South","WB","B","WBB-5","WB-B",3261032
"459","Glycogen","G120","South","WB","B","WBB-5","WB-B",4508189.33333333
"460","HSP70","G120","South","WB","B","WBB-5","WB-B",9969782
"461","HSP90-alpha","G120","South","WB","B","WBB-5","WB-B",20471043.3333333
"462","PDI","G120","South","WB","B","WBB-5","WB-B",12530444.5
"463","Peroxiredoxin-1","G120","South","WB","B","WBB-5","WB-B",7350284
"464","Puromycin-sensitive","G120","South","WB","B","WBB-5","WB-B",4021998
"465","Ras-related","G120","South","WB","B","WBB-5","WB-B",9742343
"466","Sodium/potassium-transporting","G120","South","WB","B","WBB-5","WB-B",1848886.5
"467","Superoxide","G120","South","WB","B","WBB-5","WB-B",2122225
"468","Trifunctional","G120","South","WB","B","WBB-5","WB-B",991406
"469","Arachidonate","G122","South","WB","B","WBB-5","WB-B",15255800
"470","Catalase","G122","South","WB","B","WBB-5","WB-B",2132732.33333333
"471","Cytochrome","G122","South","WB","B","WBB-5","WB-B",2793928.33333333
"472","Glycogen","G122","South","WB","B","WBB-5","WB-B",4581738.33333333
"473","HSP70","G122","South","WB","B","WBB-5","WB-B",8106374
"474","HSP90-alpha","G122","South","WB","B","WBB-5","WB-B",16006733.3333333
"475","PDI","G122","South","WB","B","WBB-5","WB-B",11333296
"476","Peroxiredoxin-1","G122","South","WB","B","WBB-5","WB-B",7083911
"477","Puromycin-sensitive","G122","South","WB","B","WBB-5","WB-B",3190095.33333333
"478","Ras-related","G122","South","WB","B","WBB-5","WB-B",6874038
"479","Sodium/potassium-transporting","G122","South","WB","B","WBB-5","WB-B",1546078
"480","Superoxide","G122","South","WB","B","WBB-5","WB-B",1439102
"481","Trifunctional","G122","South","WB","B","WBB-5","WB-B",774250
"482","Arachidonate","G114","South","WB","B","WBB-6","WB-B",11530357
"483","Catalase","G114","South","WB","B","WBB-6","WB-B",2479800
"484","Cytochrome","G114","South","WB","B","WBB-6","WB-B",2276656.66666667
"485","Glycogen","G114","South","WB","B","WBB-6","WB-B",3161526.66666667
"486","HSP70","G114","South","WB","B","WBB-6","WB-B",6156948
"487","HSP90-alpha","G114","South","WB","B","WBB-6","WB-B",13066215.6666667
"488","PDI","G114","South","WB","B","WBB-6","WB-B",9391630.5
"489","Peroxiredoxin-1","G114","South","WB","B","WBB-6","WB-B",6414547
"490","Puromycin-sensitive","G114","South","WB","B","WBB-6","WB-B",3005835.66666667
"491","Ras-related","G114","South","WB","B","WBB-6","WB-B",5496903
"492","Sodium/potassium-transporting","G114","South","WB","B","WBB-6","WB-B",1347786
"493","Superoxide","G114","South","WB","B","WBB-6","WB-B",1196468
"494","Trifunctional","G114","South","WB","B","WBB-6","WB-B",594015.5
"495","Arachidonate","G116","South","WB","B","WBB-6","WB-B",4425295.33333333
"496","Catalase","G116","South","WB","B","WBB-6","WB-B",556690
"497","Cytochrome","G116","South","WB","B","WBB-6","WB-B",385644.666666667
"498","Glycogen","G116","South","WB","B","WBB-6","WB-B",1146684
"499","HSP70","G116","South","WB","B","WBB-6","WB-B",2888153
"500","HSP90-alpha","G116","South","WB","B","WBB-6","WB-B",5070536
"501","PDI","G116","South","WB","B","WBB-6","WB-B",4650902
"502","Peroxiredoxin-1","G116","South","WB","B","WBB-6","WB-B",2921089
"503","Puromycin-sensitive","G116","South","WB","B","WBB-6","WB-B",1155036.66666667
"504","Ras-related","G116","South","WB","B","WBB-6","WB-B",1473787
"505","Sodium/potassium-transporting","G116","South","WB","B","WBB-6","WB-B",353613
"506","Superoxide","G116","South","WB","B","WBB-6","WB-B",326769
"507","Trifunctional","G116","South","WB","B","WBB-6","WB-B",170202
"508","Arachidonate","G129","South","WB","E","WBE-1","WB-E",12703473
"509","Catalase","G129","South","WB","E","WBE-1","WB-E",2694237.66666667
"510","Cytochrome","G129","South","WB","E","WBE-1","WB-E",3370551.33333333
"511","Glycogen","G129","South","WB","E","WBE-1","WB-E",4804410
"512","HSP70","G129","South","WB","E","WBE-1","WB-E",6545099
"513","HSP90-alpha","G129","South","WB","E","WBE-1","WB-E",18261057.3333333
"514","PDI","G129","South","WB","E","WBE-1","WB-E",13579003
"515","Peroxiredoxin-1","G129","South","WB","E","WBE-1","WB-E",8524818
"516","Puromycin-sensitive","G129","South","WB","E","WBE-1","WB-E",3873394
"517","Ras-related","G129","South","WB","E","WBE-1","WB-E",9564816
"518","Sodium/potassium-transporting","G129","South","WB","E","WBE-1","WB-E",1824943
"519","Superoxide","G129","South","WB","E","WBE-1","WB-E",1740259
"520","Trifunctional","G129","South","WB","E","WBE-1","WB-E",689070.5
"521","Arachidonate","G132","South","WB","E","WBE-1","WB-E",30596657
"522","Catalase","G132","South","WB","E","WBE-1","WB-E",3244919.66666667
"523","Cytochrome","G132","South","WB","E","WBE-1","WB-E",2797611.66666667
"524","Glycogen","G132","South","WB","E","WBE-1","WB-E",7105570
"525","HSP70","G132","South","WB","E","WBE-1","WB-E",10901431
"526","HSP90-alpha","G132","South","WB","E","WBE-1","WB-E",24391349
"527","PDI","G132","South","WB","E","WBE-1","WB-E",20801625.5
"528","Peroxiredoxin-1","G132","South","WB","E","WBE-1","WB-E",11460225
"529","Puromycin-sensitive","G132","South","WB","E","WBE-1","WB-E",7106829
"530","Ras-related","G132","South","WB","E","WBE-1","WB-E",11969310
"531","Sodium/potassium-transporting","G132","South","WB","E","WBE-1","WB-E",2459629
"532","Superoxide","G132","South","WB","E","WBE-1","WB-E",4137873
"533","Trifunctional","G132","South","WB","E","WBE-1","WB-E",1525032
"534","Arachidonate","G127","South","WB","E","WBE-2","WB-E",16997317
"535","Catalase","G127","South","WB","E","WBE-2","WB-E",3435490.5
"536","Cytochrome","G127","South","WB","E","WBE-2","WB-E",3055958.5
"537","Glycogen","G127","South","WB","E","WBE-2","WB-E",6807612
"538","HSP70","G127","South","WB","E","WBE-2","WB-E",10412542.5
"539","HSP90-alpha","G127","South","WB","E","WBE-2","WB-E",19913031.5
"540","PDI","G127","South","WB","E","WBE-2","WB-E",16894479.75
"541","Peroxiredoxin-1","G127","South","WB","E","WBE-2","WB-E",9335301
"542","Puromycin-sensitive","G127","South","WB","E","WBE-2","WB-E",5398311.5
"543","Ras-related","G127","South","WB","E","WBE-2","WB-E",12614376
"544","Sodium/potassium-transporting","G127","South","WB","E","WBE-2","WB-E",2796193.5
"545","Superoxide","G127","South","WB","E","WBE-2","WB-E",1629006.75
"546","Trifunctional","G127","South","WB","E","WBE-2","WB-E",1118345.25
"547","Arachidonate","G128","South","WB","E","WBE-2","WB-E",9984554
"548","Catalase","G128","South","WB","E","WBE-2","WB-E",1593048.5
"549","Cytochrome","G128","South","WB","E","WBE-2","WB-E",2393594
"550","Glycogen","G128","South","WB","E","WBE-2","WB-E",3490921
"551","HSP70","G128","South","WB","E","WBE-2","WB-E",5365077
"552","HSP90-alpha","G128","South","WB","E","WBE-2","WB-E",13340762.5
"553","PDI","G128","South","WB","E","WBE-2","WB-E",8061583.5
"554","Peroxiredoxin-1","G128","South","WB","E","WBE-2","WB-E",6291264
"555","Puromycin-sensitive","G128","South","WB","E","WBE-2","WB-E",2861787
"556","Ras-related","G128","South","WB","E","WBE-2","WB-E",5184583.5
"557","Sodium/potassium-transporting","G128","South","WB","E","WBE-2","WB-E",1272261
"558","Superoxide","G128","South","WB","E","WBE-2","WB-E",707558.25
"559","Trifunctional","G128","South","WB","E","WBE-2","WB-E",538556.25
"560","Arachidonate","G109","South","WB","E","WBE-3","WB-E",3381904.33333333
"561","Catalase","G109","South","WB","E","WBE-3","WB-E",804951.166666667
"562","Cytochrome","G109","South","WB","E","WBE-3","WB-E",760661.666666667
"563","Glycogen","G109","South","WB","E","WBE-3","WB-E",1449718
"564","HSP70","G109","South","WB","E","WBE-3","WB-E",3947960
"565","HSP90-alpha","G109","South","WB","E","WBE-3","WB-E",5608768.33333333
"566","PDI","G109","South","WB","E","WBE-3","WB-E",6800136
"567","Peroxiredoxin-1","G109","South","WB","E","WBE-3","WB-E",4252794
"568","Puromycin-sensitive","G109","South","WB","E","WBE-3","WB-E",1177322
"569","Ras-related","G109","South","WB","E","WBE-3","WB-E",2155417
"570","Sodium/potassium-transporting","G109","South","WB","E","WBE-3","WB-E",587859.5
"571","Superoxide","G109","South","WB","E","WBE-3","WB-E",476064.75
"572","Trifunctional","G109","South","WB","E","WBE-3","WB-E",290421
"573","Arachidonate","G110","South","WB","E","WBE-3","WB-E",8346453.66666667
"574","Catalase","G110","South","WB","E","WBE-3","WB-E",1152122.66666667
"575","Cytochrome","G110","South","WB","E","WBE-3","WB-E",1477309
"576","Glycogen","G110","South","WB","E","WBE-3","WB-E",3132881
"577","HSP70","G110","South","WB","E","WBE-3","WB-E",4515990
"578","HSP90-alpha","G110","South","WB","E","WBE-3","WB-E",12169405
"579","PDI","G110","South","WB","E","WBE-3","WB-E",6653394.5
"580","Peroxiredoxin-1","G110","South","WB","E","WBE-3","WB-E",5334397
"581","Puromycin-sensitive","G110","South","WB","E","WBE-3","WB-E",2743458.66666667
"582","Ras-related","G110","South","WB","E","WBE-3","WB-E",4106294
"583","Sodium/potassium-transporting","G110","South","WB","E","WBE-3","WB-E",1274260
"584","Superoxide","G110","South","WB","E","WBE-3","WB-E",627648
"585","Trifunctional","G110","South","WB","E","WBE-3","WB-E",404677.5
