"","Transition","Peptide","Protein","Bay","SD","Mean","cv"
"1","AAQDNGLLTDVLAYK y3","AAQDNGLLTDVLAYK","Trifunctional","CI",24694.815840374,44394.7826086957,0.556254910808754
"2","AAQDNGLLTDVLAYK y3","AAQDNGLLTDVLAYK","Trifunctional","FB",29405.4553525958,85372.7272727273,0.344436171737359
"3","AAQDNGLLTDVLAYK y3","AAQDNGLLTDVLAYK","Trifunctional","PG",32763.2509276194,65828.7222222222,0.497704494658402
"4","AAQDNGLLTDVLAYK y3","AAQDNGLLTDVLAYK","Trifunctional","WB",24904.9603852372,50454.5535714286,0.493611748045282
"5","AAQDNGLLTDVLAYK y7","AAQDNGLLTDVLAYK","Trifunctional","CI",37824.0330489833,61637.9130434783,0.613648827180487
"6","AAQDNGLLTDVLAYK y7","AAQDNGLLTDVLAYK","Trifunctional","FB",45893.7000477109,123182.545454545,0.372566583020042
"7","AAQDNGLLTDVLAYK y7","AAQDNGLLTDVLAYK","Trifunctional","PG",46691.8562642764,95581.0555555556,0.488505342328399
"8","AAQDNGLLTDVLAYK y7","AAQDNGLLTDVLAYK","Trifunctional","WB",36921.409357678,73347.3928571429,0.503377256088557
"9","AAQDNGLLTDVLAYK y8","AAQDNGLLTDVLAYK","Trifunctional","CI",58151.6656421212,94381.72,0.616132717671612
"10","AAQDNGLLTDVLAYK y8","AAQDNGLLTDVLAYK","Trifunctional","FB",73684.8952224556,204124.204545455,0.360980685198689
"11","AAQDNGLLTDVLAYK y8","AAQDNGLLTDVLAYK","Trifunctional","PG",78281.466772992,158359.851851852,0.494326471372464
"12","AAQDNGLLTDVLAYK y8","AAQDNGLLTDVLAYK","Trifunctional","WB",61600.3006471219,123667.160714286,0.498113648694823
"13","AGELGGSDPDYAMR y10","AGELGGSDPDYAMR","Catalase","CI",700052.278116296,881752.76,0.793932619066932
"14","AGELGGSDPDYAMR y10","AGELGGSDPDYAMR","Catalase","FB",308300.593518054,663970.681818182,0.464328624682373
"15","AGELGGSDPDYAMR y10","AGELGGSDPDYAMR","Catalase","PG",400159.211610533,639646.074074074,0.625594727818486
"16","AGELGGSDPDYAMR y10","AGELGGSDPDYAMR","Catalase","WB",313457.390849197,601080.535714286,0.52148983742537
"17","AGELGGSDPDYAMR y4","AGELGGSDPDYAMR","Catalase","CI",202018.006450483,251484.04,0.803303487769972
"18","AGELGGSDPDYAMR y4","AGELGGSDPDYAMR","Catalase","FB",85117.9592069421,182064.568181818,0.46751523405663
"19","AGELGGSDPDYAMR y4","AGELGGSDPDYAMR","Catalase","PG",120267.868225859,180431.851851852,0.666555638549939
"20","AGELGGSDPDYAMR y4","AGELGGSDPDYAMR","Catalase","WB",90890.4997550429,164754.375,0.551672753789044
"21","AGELGGSDPDYAMR y6","AGELGGSDPDYAMR","Catalase","CI",1074458.95371002,1566054.44,0.686092977527663
"22","AGELGGSDPDYAMR y6","AGELGGSDPDYAMR","Catalase","FB",465503.704503815,1004650.81818182,0.463348753695604
"23","AGELGGSDPDYAMR y6","AGELGGSDPDYAMR","Catalase","PG",619026.894862335,947696.111111111,0.653191342250594
"24","AGELGGSDPDYAMR y6","AGELGGSDPDYAMR","Catalase","WB",552284.766016177,1043021.5,0.529504680408004
"25","ALELGLKPK y3","ALELGLKPK","Trifunctional","CI",18252.8311328703,27389.5,0.666417098993056
"26","ALELGLKPK y3","ALELGLKPK","Trifunctional","FB",19117.0917738025,44400.9318181818,0.430556094004635
"27","ALELGLKPK y3","ALELGLKPK","Trifunctional","PG",20777.4080999839,34866.9259259259,0.595905935158295
"28","ALELGLKPK y3","ALELGLKPK","Trifunctional","WB",14045.7331993828,29379.4375,0.478080398897452
"29","ALELGLKPK y5","ALELGLKPK","Trifunctional","CI",91983.9233037252,141269.863636364,0.651122050634216
"30","ALELGLKPK y5","ALELGLKPK","Trifunctional","FB",96605.1241450029,227410,0.424805963436098
"31","ALELGLKPK y5","ALELGLKPK","Trifunctional","PG",108964.244338946,187109.962962963,0.582354047926966
"32","ALELGLKPK y5","ALELGLKPK","Trifunctional","WB",78015.65772254,140358.821428571,0.555830099800618
"33","ALELGLKPK y6","ALELGLKPK","Trifunctional","CI",92354.7603228913,143916.181818182,0.64172603216759
"34","ALELGLKPK y6","ALELGLKPK","Trifunctional","FB",89612.7146794153,222102,0.403475496300867
"35","ALELGLKPK y6","ALELGLKPK","Trifunctional","PG",105875.107766717,183811.296296296,0.575998917912263
"36","ALELGLKPK y6","ALELGLKPK","Trifunctional","WB",79658.8681330306,142665.910714286,0.558359510931535
"37","ALFIIDDK y3","ALFIIDDK","Peroxiredoxin-1","CI",156126.196428127,285994.48,0.545906328080623
"38","ALFIIDDK y3","ALFIIDDK","Peroxiredoxin-1","FB",148052.396103807,450646.068181818,0.328533646595743
"39","ALFIIDDK y3","ALFIIDDK","Peroxiredoxin-1","PG",171293.126386543,352509.740740741,0.48592451949441
"40","ALFIIDDK y3","ALFIIDDK","Peroxiredoxin-1","WB",121326.857708483,308900.839285714,0.392769595540864
"41","ALFIIDDK y4","ALFIIDDK","Peroxiredoxin-1","CI",599799.565024901,1132492.32,0.529627931626857
"42","ALFIIDDK y4","ALFIIDDK","Peroxiredoxin-1","FB",561827.071684305,1711242.5,0.328315286515094
"43","ALFIIDDK y4","ALFIIDDK","Peroxiredoxin-1","PG",643000.101100432,1442054.39583333,0.445891710436385
"44","ALFIIDDK y4","ALFIIDDK","Peroxiredoxin-1","WB",457433.953237366,1229025.39285714,0.372192434668871
"45","ALFIIDDK y5","ALFIIDDK","Peroxiredoxin-1","CI",533100.659964391,1072730.68,0.496956663870555
"46","ALFIIDDK y5","ALFIIDDK","Peroxiredoxin-1","FB",450410.197673782,1648432.02272727,0.273235530166779
"47","ALFIIDDK y5","ALFIIDDK","Peroxiredoxin-1","PG",528029.461651447,1311181.59259259,0.402712686506968
"48","ALFIIDDK y5","ALFIIDDK","Peroxiredoxin-1","WB",406566.09947859,1169022.44642857,0.347782970909303
"49","APGLPAQIK y4","APGLPAQIK","Arachidonate","CI",114361.374082126,137714.130434783,0.830425851879332
"50","APGLPAQIK y4","APGLPAQIK","Arachidonate","FB",89675.0958746894,174663.704545455,0.513415744318834
"51","APGLPAQIK y4","APGLPAQIK","Arachidonate","PG",73904.0711740931,118410.148148148,0.624136295156294
"52","APGLPAQIK y4","APGLPAQIK","Arachidonate","WB",95075.3215837572,148682.714285714,0.639451075671493
"53","APGLPAQIK y5","APGLPAQIK","Arachidonate","CI",5876147.52086108,7221999.40909091,0.813645527783387
"54","APGLPAQIK y5","APGLPAQIK","Arachidonate","FB",4290896.29526099,9411808.47727273,0.455905611086593
"55","APGLPAQIK y5","APGLPAQIK","Arachidonate","PG",3680990.79740034,6259386.74074074,0.588075309908831
"56","APGLPAQIK y5","APGLPAQIK","Arachidonate","WB",4720123.5014488,7868875.23214286,0.599847292300174
"57","APGLPAQIK y6","APGLPAQIK","Arachidonate","CI",315978.394615805,408029.818181818,0.774400253451586
"58","APGLPAQIK y6","APGLPAQIK","Arachidonate","FB",236199.780944436,537948.159090909,0.439075358755007
"59","APGLPAQIK y6","APGLPAQIK","Arachidonate","PG",207820.457392366,372827.481481481,0.557417217654027
"60","APGLPAQIK y6","APGLPAQIK","Arachidonate","WB",253244.534462577,452299.107142857,0.559905006362505
"61","APNSFNLR y3","APNSFNLR","Glycogen","CI",153595.117642552,283899.32,0.541019674307611
"62","APNSFNLR y3","APNSFNLR","Glycogen","FB",122911.742981939,292657.052631579,0.419985583387496
"63","APNSFNLR y3","APNSFNLR","Glycogen","PG",108985.297866432,218053.685185185,0.499809474780831
"64","APNSFNLR y3","APNSFNLR","Glycogen","WB",135038.880758466,261682.875,0.516040190854927
"65","APNSFNLR y4","APNSFNLR","Glycogen","CI",208155.745009607,378891.32,0.549381139186843
"66","APNSFNLR y4","APNSFNLR","Glycogen","FB",191097.992145908,561812.931818182,0.34014523575928
"67","APNSFNLR y4","APNSFNLR","Glycogen","PG",179169.762206516,427376.296296296,0.419231866060956
"68","APNSFNLR y4","APNSFNLR","Glycogen","WB",207056.801003373,464910.642857143,0.445369027757442
"69","APNSFNLR y5","APNSFNLR","Glycogen","CI",460449.04784448,824701.44,0.558322109689151
"70","APNSFNLR y5","APNSFNLR","Glycogen","FB",441620.814657083,1221472.13636364,0.361548005484433
"71","APNSFNLR y5","APNSFNLR","Glycogen","PG",399889.274962317,942473.018518519,0.424297849492717
"72","APNSFNLR y5","APNSFNLR","Glycogen","WB",457109.001937121,1000375.5,0.456937421935184
"73","DNVVVIGFFK y5","DNVVVIGFFK","PDI","CI",400414.757600401,682655.08,0.586555010475277
"74","DNVVVIGFFK y5","DNVVVIGFFK","PDI","FB",390984.68180256,1283714.02272727,0.304573039540307
"75","DNVVVIGFFK y5","DNVVVIGFFK","PDI","PG",613070.664896325,1146688.7037037,0.534644374638174
"76","DNVVVIGFFK y5","DNVVVIGFFK","PDI","WB",301260.04431641,680873.071428571,0.442461388117939
"77","DNVVVIGFFK y6","DNVVVIGFFK","PDI","CI",1469158.17653653,2503803.2,0.586770628193355
"78","DNVVVIGFFK y6","DNVVVIGFFK","PDI","FB",1440282.45955808,4788588.13636364,0.300773927208491
"79","DNVVVIGFFK y6","DNVVVIGFFK","PDI","PG",2253076.95154238,4269171.62962963,0.527755065152499
"80","DNVVVIGFFK y6","DNVVVIGFFK","PDI","WB",1110612.48952766,2558281.58928571,0.434124411549922
"81","DNVVVIGFFK y7","DNVVVIGFFK","PDI","CI",1952792.29200165,3461406.04,0.564161577530976
"82","DNVVVIGFFK y7","DNVVVIGFFK","PDI","FB",1899433.14371297,6523267.11363636,0.291178195009424
"83","DNVVVIGFFK y7","DNVVVIGFFK","PDI","PG",2960170.50836808,5831379.2037037,0.507627853542431
"84","DNVVVIGFFK y7","DNVVVIGFFK","PDI","WB",1506327.71467137,3547359.64285714,0.424633492604696
"85","DSSTMGYMAAK y6","DSSTMGYMAAK","HSP90-alpha","CI",769718.790890527,1039267.48,0.740635886047861
"86","DSSTMGYMAAK y6","DSSTMGYMAAK","HSP90-alpha","FB",860049.546919112,2129878.93181818,0.403802081926284
"87","DSSTMGYMAAK y6","DSSTMGYMAAK","HSP90-alpha","PG",1165441.36107504,1801096.92592593,0.647073094345493
"88","DSSTMGYMAAK y6","DSSTMGYMAAK","HSP90-alpha","WB",627192.253579612,1035829.03846154,0.605497847898864
"89","DSSTMGYMAAK y7","DSSTMGYMAAK","HSP90-alpha","CI",713864.747157672,959892.84,0.743692126256169
"90","DSSTMGYMAAK y7","DSSTMGYMAAK","HSP90-alpha","FB",805095.453782814,1986181.27272727,0.405348426570007
"91","DSSTMGYMAAK y7","DSSTMGYMAAK","HSP90-alpha","PG",1041510.94207714,1652049.01851852,0.630435858986265
"92","DSSTMGYMAAK y7","DSSTMGYMAAK","HSP90-alpha","WB",574922.200388757,958136.788461538,0.600041880566864
"93","DSSTMGYMAAK y8","DSSTMGYMAAK","HSP90-alpha","CI",452184.231235668,618353.68,0.731271189710827
"94","DSSTMGYMAAK y8","DSSTMGYMAAK","HSP90-alpha","FB",493586.690772916,1257885.70454545,0.392393910662398
"95","DSSTMGYMAAK y8","DSSTMGYMAAK","HSP90-alpha","PG",634551.271649866,1045981.44444444,0.606656336993528
"96","DSSTMGYMAAK y8","DSSTMGYMAAK","HSP90-alpha","WB",347838.430821253,626335.196428571,0.555355076330795
"97","EVVQSSAFVER y6","EVVQSSAFVER","HSP90-alpha","CI",690800.195057097,1079026.2,0.640207063607072
"98","EVVQSSAFVER y6","EVVQSSAFVER","HSP90-alpha","FB",756282.06767111,2166676.15909091,0.349051732764914
"99","EVVQSSAFVER y6","EVVQSSAFVER","HSP90-alpha","PG",892458.943921743,1814953.85185185,0.491725419360465
"100","EVVQSSAFVER y6","EVVQSSAFVER","HSP90-alpha","WB",396894.927212013,1015660.625,0.390775144219077
"101","EVVQSSAFVER y7","EVVQSSAFVER","HSP90-alpha","CI",2729261.02805072,4283566.52,0.637146876395588
"102","EVVQSSAFVER y7","EVVQSSAFVER","HSP90-alpha","FB",2839580.0637687,8506068.70454546,0.333829899851536
"103","EVVQSSAFVER y7","EVVQSSAFVER","HSP90-alpha","PG",3415629.67870344,7138510.66666667,0.478479312870225
"104","EVVQSSAFVER y7","EVVQSSAFVER","HSP90-alpha","WB",1596874.90917155,4066390.14285714,0.392700860731859
"105","EVVQSSAFVER y8","EVVQSSAFVER","HSP90-alpha","CI",1541210.70895513,2510406.08,0.613928846505634
"106","EVVQSSAFVER y8","EVVQSSAFVER","HSP90-alpha","FB",1546691.45105677,4880896.11363636,0.316886779609094
"107","EVVQSSAFVER y8","EVVQSSAFVER","HSP90-alpha","PG",1873152.17770324,4135978.48148148,0.45289214779287
"108","EVVQSSAFVER y8","EVVQSSAFVER","HSP90-alpha","WB",902445.503758238,2434450.76785714,0.370697783530283
"109","GLGLGGVPGQNGK y6","GLGLGGVPGQNGK","Arachidonate","CI",906610.495784445,1477028.76,0.61380693479824
"110","GLGLGGVPGQNGK y6","GLGLGGVPGQNGK","Arachidonate","FB",699263.904485206,2064819.40909091,0.338656204705609
"111","GLGLGGVPGQNGK y6","GLGLGGVPGQNGK","Arachidonate","PG",660559.657282383,1488921.27777778,0.443649820270063
"112","GLGLGGVPGQNGK y6","GLGLGGVPGQNGK","Arachidonate","WB",747795.938656561,1788342.5,0.418150292047838
"113","GLGLGGVPGQNGK y8","GLGLGGVPGQNGK","Arachidonate","CI",150804.797556841,247509.6,0.609288680345493
"114","GLGLGGVPGQNGK y8","GLGLGGVPGQNGK","Arachidonate","FB",114971.156169268,349612.272727273,0.328853318770521
"115","GLGLGGVPGQNGK y8","GLGLGGVPGQNGK","Arachidonate","PG",108833.342892599,253278.62962963,0.429698088037457
"116","GLGLGGVPGQNGK y8","GLGLGGVPGQNGK","Arachidonate","WB",124833.657504476,303332.392857143,0.411540806204855
"117","GLGLGGVPGQNGK y9","GLGLGGVPGQNGK","Arachidonate","CI",662796.32572529,1106096.2,0.599221230237741
"118","GLGLGGVPGQNGK y9","GLGLGGVPGQNGK","Arachidonate","FB",489538.920096714,1541599.86363636,0.31755251907066
"119","GLGLGGVPGQNGK y9","GLGLGGVPGQNGK","Arachidonate","PG",486202.464162525,1118546.88888889,0.434673297107371
"120","GLGLGGVPGQNGK y9","GLGLGGVPGQNGK","Arachidonate","WB",543118.168336023,1353325.35714286,0.401321208879626
"121","GVVDSEDLPLNISR y6","GVVDSEDLPLNISR","HSP90-alpha","CI",3267110.87467516,5070498.56,0.644337205900944
"122","GVVDSEDLPLNISR y6","GVVDSEDLPLNISR","HSP90-alpha","FB",3765631.1747566,11067980.1136364,0.340227497347699
"123","GVVDSEDLPLNISR y6","GVVDSEDLPLNISR","HSP90-alpha","PG",3912953.03985533,8011939.33333333,0.488390248235612
"124","GVVDSEDLPLNISR y6","GVVDSEDLPLNISR","HSP90-alpha","WB",2745788.06961198,5852987.82142857,0.469125881239542
"125","GVVDSEDLPLNISR y7","GVVDSEDLPLNISR","HSP90-alpha","CI",1061286.01828626,1609537.12,0.659373434199678
"126","GVVDSEDLPLNISR y7","GVVDSEDLPLNISR","HSP90-alpha","FB",1208798.14615407,3479879.13636364,0.347367853533333
"127","GVVDSEDLPLNISR y7","GVVDSEDLPLNISR","HSP90-alpha","PG",1231034.52376946,2538099.31481481,0.485022204050071
"128","GVVDSEDLPLNISR y7","GVVDSEDLPLNISR","HSP90-alpha","WB",901846.685283172,1876369.75,0.480633779820407
"129","IITRPFNVNGLLAYDSR y4","IITRPFNVNGLLAYDSR","Cytochrome","CI",40176.7537601347,58231.84,0.68994477523181
"130","IITRPFNVNGLLAYDSR y4","IITRPFNVNGLLAYDSR","Cytochrome","FB",24605.0313488858,70995.3181818182,0.34657259068651
"131","IITRPFNVNGLLAYDSR y4","IITRPFNVNGLLAYDSR","Cytochrome","PG",25557.9750090801,71049.5625,0.359720371382725
"132","IITRPFNVNGLLAYDSR y4","IITRPFNVNGLLAYDSR","Cytochrome","WB",22988.6589034561,56649.8928571429,0.405802336845153
"133","IITRPFNVNGLLAYDSR y5","IITRPFNVNGLLAYDSR","Cytochrome","CI",183488.215754817,245912.68,0.746151909510389
"134","IITRPFNVNGLLAYDSR y5","IITRPFNVNGLLAYDSR","Cytochrome","FB",105406.70916939,286054.795454545,0.36848432833261
"135","IITRPFNVNGLLAYDSR y5","IITRPFNVNGLLAYDSR","Cytochrome","PG",117391.578362344,277135.796296296,0.4235886519576
"136","IITRPFNVNGLLAYDSR y5","IITRPFNVNGLLAYDSR","Cytochrome","WB",101477.638973986,234960.696428571,0.431891973919287
"137","IITRPFNVNGLLAYDSR y6","IITRPFNVNGLLAYDSR","Cytochrome","CI",196926.874503936,259106.6,0.760022610400259
"138","IITRPFNVNGLLAYDSR y6","IITRPFNVNGLLAYDSR","Cytochrome","FB",113775.313445643,295590.522727273,0.384908529528931
"139","IITRPFNVNGLLAYDSR y6","IITRPFNVNGLLAYDSR","Cytochrome","PG",121396.681486112,287352.092592593,0.422466669342227
"140","IITRPFNVNGLLAYDSR y6","IITRPFNVNGLLAYDSR","Cytochrome","WB",109834.281249914,246810.196428571,0.445015168900047
"141","LLDQVWPDLR y4","LLDQVWPDLR","Sodium/potassium-transporting","CI",77882.3301547919,134511.44,0.579001534403259
"142","LLDQVWPDLR y4","LLDQVWPDLR","Sodium/potassium-transporting","FB",40185.2142450149,153001.181818182,0.262646430357439
"143","LLDQVWPDLR y4","LLDQVWPDLR","Sodium/potassium-transporting","PG",52314.1486125937,128249.981481481,0.407907650420578
"144","LLDQVWPDLR y4","LLDQVWPDLR","Sodium/potassium-transporting","WB",50324.2909471153,131424.232142857,0.382914856161482
"145","LLDQVWPDLR y5","LLDQVWPDLR","Sodium/potassium-transporting","CI",194960.647912028,324698.8,0.600435381689209
"146","LLDQVWPDLR y5","LLDQVWPDLR","Sodium/potassium-transporting","FB",104795.443220669,388946.931818182,0.269433782986254
"147","LLDQVWPDLR y5","LLDQVWPDLR","Sodium/potassium-transporting","PG",138760.141527999,318535.12962963,0.435619586729225
"148","LLDQVWPDLR y5","LLDQVWPDLR","Sodium/potassium-transporting","WB",130175.362159057,325872.071428571,0.399467685550311
"149","LLDQVWPDLR y6","LLDQVWPDLR","Sodium/potassium-transporting","CI",78007.5305824896,127349.72,0.61254575653947
"150","LLDQVWPDLR y6","LLDQVWPDLR","Sodium/potassium-transporting","FB",40385.0343445341,148591.840909091,0.271785005808238
"151","LLDQVWPDLR y6","LLDQVWPDLR","Sodium/potassium-transporting","PG",53094.7596054502,125382.981481481,0.423460656128137
"152","LLDQVWPDLR y6","LLDQVWPDLR","Sodium/potassium-transporting","WB",51825.9482009811,127843.535714286,0.405385754636868
"153","LNSGSVGVYR y4","LNSGSVGVYR","Puromycin-sensitive","CI",250780.230218579,399762.909090909,0.627322406645659
"154","LNSGSVGVYR y4","LNSGSVGVYR","Puromycin-sensitive","FB",280419.101293707,664362.181818182,0.422087693983837
"155","LNSGSVGVYR y4","LNSGSVGVYR","Puromycin-sensitive","PG",284461.472654392,572603.166666667,0.496786411975935
"156","LNSGSVGVYR y4","LNSGSVGVYR","Puromycin-sensitive","WB",160315.917135036,456600.934782609,0.351107290683415
"157","LNSGSVGVYR y5","LNSGSVGVYR","Puromycin-sensitive","CI",183432.817113911,287380.363636364,0.638292800499124
"158","LNSGSVGVYR y5","LNSGSVGVYR","Puromycin-sensitive","FB",201084.670449133,482298.772727273,0.41692967475752
"159","LNSGSVGVYR y5","LNSGSVGVYR","Puromycin-sensitive","PG",203326.307854351,408101.851851852,0.498224418565398
"160","LNSGSVGVYR y5","LNSGSVGVYR","Puromycin-sensitive","WB",115275.985899346,333730.543478261,0.345416349063822
"161","LNSGSVGVYR y7","LNSGSVGVYR","Puromycin-sensitive","CI",259805.259805083,414633.954545455,0.626589445839997
"162","LNSGSVGVYR y7","LNSGSVGVYR","Puromycin-sensitive","FB",275145.837495433,693249.704545455,0.39689283052178
"163","LNSGSVGVYR y7","LNSGSVGVYR","Puromycin-sensitive","PG",283854.610900308,590450.888888889,0.480742118001492
"164","LNSGSVGVYR y7","LNSGSVGVYR","Puromycin-sensitive","WB",162916.139230224,478900,0.340188221403684
"165","LTANIAGHLIGAQEFIQK y3","LTANIAGHLIGAQEFIQK","Catalase","CI",51644.2466427637,98046.8,0.526730567879459
"166","LTANIAGHLIGAQEFIQK y3","LTANIAGHLIGAQEFIQK","Catalase","FB",30965.9883389399,98973.9545454545,0.312870072547404
"167","LTANIAGHLIGAQEFIQK y3","LTANIAGHLIGAQEFIQK","Catalase","PG",42242.3311023665,91653.125,0.460893516749881
"168","LTANIAGHLIGAQEFIQK y3","LTANIAGHLIGAQEFIQK","Catalase","WB",29118.2784721119,71578.1071428571,0.406804253904018
"169","LTANIAGHLIGAQEFIQK y8","LTANIAGHLIGAQEFIQK","Catalase","CI",79924.4544925185,157520.48,0.507390876999096
"170","LTANIAGHLIGAQEFIQK y8","LTANIAGHLIGAQEFIQK","Catalase","FB",50386.663819355,155729.522727273,0.323552419200543
"171","LTANIAGHLIGAQEFIQK y8","LTANIAGHLIGAQEFIQK","Catalase","PG",63281.9764956265,145055.740740741,0.43625971762628
"172","LTANIAGHLIGAQEFIQK y8","LTANIAGHLIGAQEFIQK","Catalase","WB",43084.3733460536,120085.535714286,0.358780706517081
"173","LTANIAGHLIGAQEFIQK y9","LTANIAGHLIGAQEFIQK","Catalase","CI",62998.7723263341,121510.92,0.518461816652644
"174","LTANIAGHLIGAQEFIQK y9","LTANIAGHLIGAQEFIQK","Catalase","FB",38705.7526891865,123392.613636364,0.31367965673579
"175","LTANIAGHLIGAQEFIQK y9","LTANIAGHLIGAQEFIQK","Catalase","PG",50225.5620135594,117145.041666667,0.428746802246014
"176","LTANIAGHLIGAQEFIQK y9","LTANIAGHLIGAQEFIQK","Catalase","WB",34909.8691239564,94425.9642857143,0.369706249631998
"177","LYSYSDTHR y3","LYSYSDTHR","Catalase","CI",39474.6917861994,66703.8636363636,0.591790184769444
"178","LYSYSDTHR y3","LYSYSDTHR","Catalase","FB",35469.61582781,68443.7352941177,0.518230275939636
"179","LYSYSDTHR y3","LYSYSDTHR","Catalase","PG",40031.8474151841,63643.6363636364,0.629000002238352
"180","LYSYSDTHR y3","LYSYSDTHR","Catalase","WB",21140.502786146,49050.0227272727,0.430998837731251
"181","LYSYSDTHR y5","LYSYSDTHR","Catalase","CI",78628.3524851999,119156.8,0.65987297816994
"182","LYSYSDTHR y5","LYSYSDTHR","Catalase","FB",68507.6923200313,114531.394736842,0.598156448521743
"183","LYSYSDTHR y5","LYSYSDTHR","Catalase","PG",73863.3448014579,105896.625,0.697504238699372
"184","LYSYSDTHR y5","LYSYSDTHR","Catalase","WB",41493.043642264,96035.6458333333,0.432058776532557
"185","LYSYSDTHR y6","LYSYSDTHR","Catalase","CI",71613.9975981017,110296.675,0.649285190130181
"186","LYSYSDTHR y6","LYSYSDTHR","Catalase","FB",60275.1376841527,103023.263157895,0.585063371481199
"187","LYSYSDTHR y6","LYSYSDTHR","Catalase","PG",58081.3016211705,102396.727272727,0.567218339571289
"188","LYSYSDTHR y6","LYSYSDTHR","Catalase","WB",36850.1186441122,93089.9583333333,0.395854926824229
"189","MDSTANEVEDVK y5","MDSTANEVEDVK","PDI","CI",196448.323610264,334256.318181818,0.587717607490087
"190","MDSTANEVEDVK y5","MDSTANEVEDVK","PDI","FB",215747.04655221,559559.157894737,0.385566107726533
"191","MDSTANEVEDVK y5","MDSTANEVEDVK","PDI","PG",280086.346351604,500109.592592593,0.560049938053822
"192","MDSTANEVEDVK y5","MDSTANEVEDVK","PDI","WB",139819.707817642,343349.326086957,0.407222898647051
"193","MDSTANEVEDVK y7","MDSTANEVEDVK","PDI","CI",490145.089389911,837186.363636364,0.585467120201217
"194","MDSTANEVEDVK y7","MDSTANEVEDVK","PDI","FB",535562.638798023,1393389.36842105,0.384359641989307
"195","MDSTANEVEDVK y7","MDSTANEVEDVK","PDI","PG",701359.856037471,1240561.2037037,0.565356915840635
"196","MDSTANEVEDVK y7","MDSTANEVEDVK","PDI","WB",362931.695912066,876813.666666667,0.413921121110946
"197","MDSTANEVEDVK y8","MDSTANEVEDVK","PDI","CI",527484.398217284,897509.409090909,0.587720187526028
"198","MDSTANEVEDVK y8","MDSTANEVEDVK","PDI","FB",526239.267453156,1465897.36842105,0.358987797365363
"199","MDSTANEVEDVK y8","MDSTANEVEDVK","PDI","PG",728453.40923233,1319024.5,0.552266776873614
"200","MDSTANEVEDVK y8","MDSTANEVEDVK","PDI","WB",359188.956174352,924652.586956522,0.388458282863423
"201","MDVEGTLPEDLK y5","MDVEGTLPEDLK","Arachidonate","CI",598332.063357462,819525.92,0.730095349952399
"202","MDVEGTLPEDLK y5","MDVEGTLPEDLK","Arachidonate","FB",549360.967865039,1329020.27272727,0.413357854006019
"203","MDVEGTLPEDLK y5","MDVEGTLPEDLK","Arachidonate","PG",677583.023530364,1065063.03703704,0.636190535177498
"204","MDVEGTLPEDLK y5","MDVEGTLPEDLK","Arachidonate","WB",704874.903623553,1202263.96428571,0.586289637352918
"205","MDVEGTLPEDLK y8","MDVEGTLPEDLK","Arachidonate","CI",697333.913466965,961081.8,0.72557186440006
"206","MDVEGTLPEDLK y8","MDVEGTLPEDLK","Arachidonate","FB",674854.761954288,1593637.11363636,0.423468276547855
"207","MDVEGTLPEDLK y8","MDVEGTLPEDLK","Arachidonate","PG",778551.306922202,1260518.77777778,0.617643561244477
"208","MDVEGTLPEDLK y8","MDVEGTLPEDLK","Arachidonate","WB",834924.736908097,1432807.875,0.582719254602154
"209","MDVEGTLPEDLK y9","MDVEGTLPEDLK","Arachidonate","CI",426025.104531993,603655.76,0.70574180312964
"210","MDVEGTLPEDLK y9","MDVEGTLPEDLK","Arachidonate","FB",382839.320423649,976753.181818182,0.391950932487377
"211","MDVEGTLPEDLK y9","MDVEGTLPEDLK","Arachidonate","PG",473348.236016098,779999,0.606857490863575
"212","MDVEGTLPEDLK y9","MDVEGTLPEDLK","Arachidonate","WB",499606.700663498,880685.285714286,0.567293116812198
"213","NAVVTVPAYFNDAQR y11","NAVVTVPAYFNDAQR","HSP70","CI",153819.897862241,241236.48,0.637631165328897
"214","NAVVTVPAYFNDAQR y11","NAVVTVPAYFNDAQR","HSP70","FB",139185.985871231,517725.25,0.268841409359947
"215","NAVVTVPAYFNDAQR y11","NAVVTVPAYFNDAQR","HSP70","PG",170076.470583279,400861.240740741,0.424277663435354
"216","NAVVTVPAYFNDAQR y11","NAVVTVPAYFNDAQR","HSP70","WB",112171.436071058,266748.732142857,0.420513474122099
"217","NAVVTVPAYFNDAQR y12","NAVVTVPAYFNDAQR","HSP70","CI",75362.3777927097,123456.28,0.610437782449866
"218","NAVVTVPAYFNDAQR y12","NAVVTVPAYFNDAQR","HSP70","FB",62559.6668164054,251143.318181818,0.249099467464687
"219","NAVVTVPAYFNDAQR y12","NAVVTVPAYFNDAQR","HSP70","PG",85830.302116047,199104.12962963,0.431082480688408
"220","NAVVTVPAYFNDAQR y12","NAVVTVPAYFNDAQR","HSP70","WB",56181.9936701292,129389.142857143,0.434209489525401
"221","NAVVTVPAYFNDAQR y9","NAVVTVPAYFNDAQR","HSP70","CI",1301553.50928871,2072028.64,0.628154207988513
"222","NAVVTVPAYFNDAQR y9","NAVVTVPAYFNDAQR","HSP70","FB",1194424.75029172,4464416.97727273,0.267543277514679
"223","NAVVTVPAYFNDAQR y9","NAVVTVPAYFNDAQR","HSP70","PG",1411364.63353081,3462382.07407407,0.407628217607452
"224","NAVVTVPAYFNDAQR y9","NAVVTVPAYFNDAQR","HSP70","WB",937491.173546841,2352305.53571429,0.398541413652784
"225","QSLLPFGATGPR y11","QSLLPFGATGPR","Cytochrome","CI",50461.1686919253,69118.1304347826,0.730071377430248
"226","QSLLPFGATGPR y11","QSLLPFGATGPR","Cytochrome","FB",31377.4885690086,70538.2272727273,0.444829559547782
"227","QSLLPFGATGPR y11","QSLLPFGATGPR","Cytochrome","PG",30242.5490291013,67989.7954545455,0.444810119326215
"228","QSLLPFGATGPR y11","QSLLPFGATGPR","Cytochrome","WB",31669.1401926208,63237.9423076923,0.500793337622065
"229","QSLLPFGATGPR y6","QSLLPFGATGPR","Cytochrome","CI",50461.1686919253,69118.1304347826,0.730071377430248
"230","QSLLPFGATGPR y6","QSLLPFGATGPR","Cytochrome","FB",31377.4885690086,70538.2272727273,0.444829559547782
"231","QSLLPFGATGPR y6","QSLLPFGATGPR","Cytochrome","PG",30242.5490291013,67989.7954545455,0.444810119326215
"232","QSLLPFGATGPR y6","QSLLPFGATGPR","Cytochrome","WB",31669.1401926208,63237.9423076923,0.500793337622065
"233","QSLLPFGATGPR y7","QSLLPFGATGPR","Cytochrome","CI",54709.9558899932,65790.88,0.83157355381161
"234","QSLLPFGATGPR y7","QSLLPFGATGPR","Cytochrome","FB",30647.122443689,71937.9318181818,0.426021733862845
"235","QSLLPFGATGPR y7","QSLLPFGATGPR","Cytochrome","PG",31637.3277758344,64900.5740740741,0.487473773956533
"236","QSLLPFGATGPR y7","QSLLPFGATGPR","Cytochrome","WB",35231.7772791582,61328.6923076923,0.574474621151169
"237","QSLLPFGATGPR y8","QSLLPFGATGPR","Cytochrome","CI",1149057.88748019,1441002.28,0.797401852466322
"238","QSLLPFGATGPR y8","QSLLPFGATGPR","Cytochrome","FB",670949.734272229,1552505.61363636,0.43217217920436
"239","QSLLPFGATGPR y8","QSLLPFGATGPR","Cytochrome","PG",693736.305769035,1501686.52083333,0.461971454191424
"240","QSLLPFGATGPR y8","QSLLPFGATGPR","Cytochrome","WB",775665.435591282,1303951.41071429,0.594857622161231
"241","SIQQSVENIR y4","SIQQSVENIR","Puromycin-sensitive","CI",309784.02555038,425892.36,0.727376338825096
"242","SIQQSVENIR y4","SIQQSVENIR","Puromycin-sensitive","FB",290009.814509237,660275.590909091,0.439225406030747
"243","SIQQSVENIR y4","SIQQSVENIR","Puromycin-sensitive","PG",294791.139696104,540870.407407407,0.545031001250645
"244","SIQQSVENIR y4","SIQQSVENIR","Puromycin-sensitive","WB",220037.255997229,417399.553571429,0.527162173784105
"245","SIQQSVENIR y6","SIQQSVENIR","Puromycin-sensitive","CI",598575.437573403,840199.52,0.712420589782535
"246","SIQQSVENIR y6","SIQQSVENIR","Puromycin-sensitive","FB",595626.044375785,1312800.06818182,0.453706591591442
"247","SIQQSVENIR y6","SIQQSVENIR","Puromycin-sensitive","PG",589643.220102892,1078630.22222222,0.546659279477719
"248","SIQQSVENIR y6","SIQQSVENIR","Puromycin-sensitive","WB",436354.246148518,830165.714285714,0.525623063732478
"249","SIQQSVENIR y7","SIQQSVENIR","Puromycin-sensitive","CI",560219.66963776,813175.56,0.688928316583642
"250","SIQQSVENIR y7","SIQQSVENIR","Puromycin-sensitive","FB",544714.771655546,1268395.70454545,0.429451763123679
"251","SIQQSVENIR y7","SIQQSVENIR","Puromycin-sensitive","PG",558822.179998718,1057416.11111111,0.52847897258868
"252","SIQQSVENIR y7","SIQQSVENIR","Puromycin-sensitive","WB",439879.705928832,839068.464285714,0.524247692115678
"253","SLTENFVTEEQAK y4","SLTENFVTEEQAK","Puromycin-sensitive","CI",34993.6327843128,65926.12,0.530800732461016
"254","SLTENFVTEEQAK y4","SLTENFVTEEQAK","Puromycin-sensitive","FB",32400.2499848144,107079.931818182,0.302580039365629
"255","SLTENFVTEEQAK y4","SLTENFVTEEQAK","Puromycin-sensitive","PG",41984.7417898825,94949.8518518519,0.442178065273765
"256","SLTENFVTEEQAK y4","SLTENFVTEEQAK","Puromycin-sensitive","WB",32183.774297743,74829.9642857143,0.430092070802807
"257","SLTENFVTEEQAK y6","SLTENFVTEEQAK","Puromycin-sensitive","CI",186654.513579401,349386.08,0.534235690155146
"258","SLTENFVTEEQAK y6","SLTENFVTEEQAK","Puromycin-sensitive","FB",178052.244229223,565228.090909091,0.315009545868201
"259","SLTENFVTEEQAK y6","SLTENFVTEEQAK","Puromycin-sensitive","PG",209448.011423711,485630.592592593,0.431290809554541
"260","SLTENFVTEEQAK y6","SLTENFVTEEQAK","Puromycin-sensitive","WB",162119.207051502,375351.285714286,0.431913285558601
"261","SLTENFVTEEQAK y7","SLTENFVTEEQAK","Puromycin-sensitive","CI",175583.998779269,330133.12,0.531858175209046
"262","SLTENFVTEEQAK y7","SLTENFVTEEQAK","Puromycin-sensitive","FB",168128.192892007,543381.318181818,0.309411065979546
"263","SLTENFVTEEQAK y7","SLTENFVTEEQAK","Puromycin-sensitive","PG",201703.951616481,469574.962962963,0.429545796785571
"264","SLTENFVTEEQAK y7","SLTENFVTEEQAK","Puromycin-sensitive","WB",158848.514159069,357905.071428571,0.443828620603303
"265","STIGVEFATR y4","STIGVEFATR","Ras-related","CI",113520.519326377,198718.96,0.571261641699296
"266","STIGVEFATR y4","STIGVEFATR","Ras-related","FB",91505.5314266622,289030.340909091,0.316594898441626
"267","STIGVEFATR y4","STIGVEFATR","Ras-related","PG",142070.905896367,265856.518518519,0.534389401802352
"268","STIGVEFATR y4","STIGVEFATR","Ras-related","WB",130557.951105423,238797.607142857,0.546730566807225
"269","STIGVEFATR y5","STIGVEFATR","Ras-related","CI",373881.810523059,657007.92,0.569067433042601
"270","STIGVEFATR y5","STIGVEFATR","Ras-related","FB",289271.717210077,947280,0.305370869447341
"271","STIGVEFATR y5","STIGVEFATR","Ras-related","PG",461204.864308909,877494.425925926,0.525592927638542
"272","STIGVEFATR y5","STIGVEFATR","Ras-related","WB",424007.053716481,784735.678571429,0.540318307545752
"273","STIGVEFATR y7","STIGVEFATR","Ras-related","CI",817496.121188841,1398418.72,0.584586082478102
"274","STIGVEFATR y7","STIGVEFATR","Ras-related","FB",620914.743091985,2028330.34090909,0.30612111378943
"275","STIGVEFATR y7","STIGVEFATR","Ras-related","PG",988925.293018995,1867549.09259259,0.529531082712336
"276","STIGVEFATR y7","STIGVEFATR","Ras-related","WB",916545.503892513,1685240.33928571,0.543866345070395
"277","THGAPTDEER y3","THGAPTDEER","Superoxide","CI",9769.85211303662,28234.5833333333,0.34602430635137
"278","THGAPTDEER y3","THGAPTDEER","Superoxide","FB",9705.64049635285,17289.5,0.561360391934576
"279","THGAPTDEER y3","THGAPTDEER","Superoxide","PG",7652.40089943287,15036.7307692308,0.508913873425982
"280","THGAPTDEER y3","THGAPTDEER","Superoxide","WB",9237.84335813959,25426.3666666667,0.363317475880271
"281","THGAPTDEER y6","THGAPTDEER","Superoxide","CI",44240.5476595814,118366.083333333,0.373760340916195
"282","THGAPTDEER y6","THGAPTDEER","Superoxide","FB",32601.1221016837,69468.8,0.469291568325402
"283","THGAPTDEER y6","THGAPTDEER","Superoxide","PG",32312.3625710513,67245.8846153846,0.480510632819586
"284","THGAPTDEER y6","THGAPTDEER","Superoxide","WB",38742.2565247683,107157.666666667,0.361544420757902
"285","THGAPTDEER y7","THGAPTDEER","Superoxide","CI",13580.684044951,36041.4166666667,0.376807720144677
"286","THGAPTDEER y7","THGAPTDEER","Superoxide","FB",11743.591535623,23826.9,0.492871147132987
"287","THGAPTDEER y7","THGAPTDEER","Superoxide","PG",10329.6651785972,20998.9230769231,0.491914044389688
"288","THGAPTDEER y7","THGAPTDEER","Superoxide","WB",10886.6460788086,33113.3333333333,0.328769259476804
"289","TIVVHADVDDLGK y8","TIVVHADVDDLGK","Superoxide","CI",141735.843177727,179573.76,0.789290390632387
"290","TIVVHADVDDLGK y8","TIVVHADVDDLGK","Superoxide","FB",96924.8802489805,193810.272727273,0.500101872233429
"291","TIVVHADVDDLGK y8","TIVVHADVDDLGK","Superoxide","PG",128909.229520382,190657.222222222,0.676130848954311
"292","TIVVHADVDDLGK y8","TIVVHADVDDLGK","Superoxide","WB",165389.003947657,239828.785714286,0.689612814638061
"293","TIVVHADVDDLGK y9","TIVVHADVDDLGK","Superoxide","CI",209365.480344053,273274.72,0.766135558913218
"294","TIVVHADVDDLGK y9","TIVVHADVDDLGK","Superoxide","FB",144503.305338206,293714.5,0.491985602815678
"295","TIVVHADVDDLGK y9","TIVVHADVDDLGK","Superoxide","PG",199726.293832968,301326.270833333,0.662824032171556
"296","TIVVHADVDDLGK y9","TIVVHADVDDLGK","Superoxide","WB",240684.400036146,365234.392857143,0.658986132585513
"297","TSFDAFPDK y3","TSFDAFPDK","Glycogen","CI",329671.202996947,564312.48,0.58419973805461
"298","TSFDAFPDK y3","TSFDAFPDK","Glycogen","FB",220592.364141925,723915.340909091,0.304721217628715
"299","TSFDAFPDK y3","TSFDAFPDK","Glycogen","PG",319972.60081182,627016.962962963,0.510309321297773
"300","TSFDAFPDK y3","TSFDAFPDK","Glycogen","WB",309831.760750054,632620.25,0.489759473791826
"301","TSFDAFPDK y5","TSFDAFPDK","Glycogen","CI",203642.754007767,345541.4,0.589344009162918
"302","TSFDAFPDK y5","TSFDAFPDK","Glycogen","FB",132297.025279831,431285.022727273,0.306750798910749
"303","TSFDAFPDK y5","TSFDAFPDK","Glycogen","PG",189294.977390574,373802.518518519,0.50640369717358
"304","TSFDAFPDK y5","TSFDAFPDK","Glycogen","WB",195308.950865304,394351.071428571,0.495266692588866
"305","TSFDAFPDK y6","TSFDAFPDK","Glycogen","CI",333561.534322943,584689.16,0.570493789080925
"306","TSFDAFPDK y6","TSFDAFPDK","Glycogen","FB",209288.379296182,742945.25,0.28170094538754
"307","TSFDAFPDK y6","TSFDAFPDK","Glycogen","PG",302060.582643806,644487.333333333,0.468683505510539
"308","TSFDAFPDK y6","TSFDAFPDK","Glycogen","WB",316279.152560203,666809.732142857,0.474316941271702
"309","TVIEPMAGDGLR y6","TVIEPMAGDGLR","Sodium/potassium-transporting","CI",26910.398318324,37342.5652173913,0.720636039909525
"310","TVIEPMAGDGLR y6","TVIEPMAGDGLR","Sodium/potassium-transporting","FB",14285.3443567228,39081.8409090909,0.365523834712705
"311","TVIEPMAGDGLR y6","TVIEPMAGDGLR","Sodium/potassium-transporting","PG",20853.0072625275,35278.7222222222,0.591093042746093
"312","TVIEPMAGDGLR y6","TVIEPMAGDGLR","Sodium/potassium-transporting","WB",17724.0666370051,34006.0357142857,0.521203552978666
"313","TVIEPMAGDGLR y8","TVIEPMAGDGLR","Sodium/potassium-transporting","CI",372374.392221868,486001.28,0.766200435154962
"314","TVIEPMAGDGLR y8","TVIEPMAGDGLR","Sodium/potassium-transporting","FB",221571.350930525,568717.022727273,0.389598591348618
"315","TVIEPMAGDGLR y8","TVIEPMAGDGLR","Sodium/potassium-transporting","PG",295683.641647577,495472.037037037,0.596771602724121
"316","TVIEPMAGDGLR y8","TVIEPMAGDGLR","Sodium/potassium-transporting","WB",254082.855201391,462455.660714286,0.549421007862565
"317","TVIEPMAGDGLR y9","TVIEPMAGDGLR","Sodium/potassium-transporting","CI",90557.0675700688,119963.16,0.754873976061224
"318","TVIEPMAGDGLR y9","TVIEPMAGDGLR","Sodium/potassium-transporting","FB",50957.3686528473,129870.613636364,0.392370277047642
"319","TVIEPMAGDGLR y9","TVIEPMAGDGLR","Sodium/potassium-transporting","PG",67997.6176398965,114829.851851852,0.592159761101354
"320","TVIEPMAGDGLR y9","TVIEPMAGDGLR","Sodium/potassium-transporting","WB",63517.0407412948,115439.107142857,0.550221171259509
"321","VLYPNDNFFEGK y4","VLYPNDNFFEGK","Glycogen","CI",31963.1509479084,63168.2173913043,0.506000521589966
"322","VLYPNDNFFEGK y4","VLYPNDNFFEGK","Glycogen","FB",27977.1817731439,78147.9090909091,0.358002947213829
"323","VLYPNDNFFEGK y4","VLYPNDNFFEGK","Glycogen","PG",36079.0267795232,67703.3703703704,0.532898533443067
"324","VLYPNDNFFEGK y4","VLYPNDNFFEGK","Glycogen","WB",32364.7113251957,65450.0178571429,0.494495072496968
"325","VLYPNDNFFEGK y8","VLYPNDNFFEGK","Glycogen","CI",60795.7204346518,103753.72,0.585961837654127
"326","VLYPNDNFFEGK y8","VLYPNDNFFEGK","Glycogen","FB",52432.5469001164,135825.363636364,0.386029129585035
"327","VLYPNDNFFEGK y8","VLYPNDNFFEGK","Glycogen","PG",64959.6305744111,114888.037037037,0.565416837555243
"328","VLYPNDNFFEGK y8","VLYPNDNFFEGK","Glycogen","WB",59971.9470438153,117742.821428571,0.509346950550164
"329","VLYPNDNFFEGK y9","VLYPNDNFFEGK","Glycogen","CI",518289.070074768,990741.52,0.523132481693882
"330","VLYPNDNFFEGK y9","VLYPNDNFFEGK","Glycogen","FB",404414.181115152,1275436.59090909,0.317079017489139
"331","VLYPNDNFFEGK y9","VLYPNDNFFEGK","Glycogen","PG",551349.034526591,1102107.27777778,0.500268028025636
"332","VLYPNDNFFEGK y9","VLYPNDNFFEGK","Glycogen","WB",498951.693672715,1100827.05357143,0.45325166387759
"333","WLDESGVFLPEEHPSR y4","WLDESGVFLPEEHPSR","Cytochrome","CI",108549.644776914,133445.44,0.813438396822805
"334","WLDESGVFLPEEHPSR y4","WLDESGVFLPEEHPSR","Cytochrome","FB",58776.0625594228,147745.818181818,0.397818789612658
"335","WLDESGVFLPEEHPSR y4","WLDESGVFLPEEHPSR","Cytochrome","PG",55860.2244293151,124590.62962963,0.44835012548994
"336","WLDESGVFLPEEHPSR y4","WLDESGVFLPEEHPSR","Cytochrome","WB",64367.2753656915,116089.267857143,0.554463617126956
"337","WLDESGVFLPEEHPSR y7","WLDESGVFLPEEHPSR","Cytochrome","CI",376497.188064034,463773.56,0.811812532098712
"338","WLDESGVFLPEEHPSR y7","WLDESGVFLPEEHPSR","Cytochrome","FB",201416.832142029,506762.977272727,0.397457669907152
"339","WLDESGVFLPEEHPSR y7","WLDESGVFLPEEHPSR","Cytochrome","PG",190635.208363109,433738.87037037,0.43951608072462
"340","WLDESGVFLPEEHPSR y7","WLDESGVFLPEEHPSR","Cytochrome","WB",208597.892610024,409770.357142857,0.509060474907171
"341","WLDESGVFLPEEHPSR y9","WLDESGVFLPEEHPSR","Cytochrome","CI",73324.3066821618,91282.48,0.803268126393606
"342","WLDESGVFLPEEHPSR y9","WLDESGVFLPEEHPSR","Cytochrome","FB",39627.6628217292,102244.613636364,0.387577021540385
"343","WLDESGVFLPEEHPSR y9","WLDESGVFLPEEHPSR","Cytochrome","PG",37348.6396882208,89397.8148148148,0.417780230597219
"344","WLDESGVFLPEEHPSR y9","WLDESGVFLPEEHPSR","Cytochrome","WB",41190.4835851767,81408.625,0.50597198497305
