"","Transition","Peptide","Protein","Sample.Shorthand","Bay","SD","Mean","cv"
"1","AAQDNGLLTDVLAYK y3","AAQDNGLLTDVLAYK","Trifunctional","CI-B","CI",19237.6979759513,32413.3571428571,0.593511430832787
"2","AAQDNGLLTDVLAYK y3","AAQDNGLLTDVLAYK","Trifunctional","CI-E","CI",20824.042990382,63032.5555555556,0.330369644810421
"3","AAQDNGLLTDVLAYK y3","AAQDNGLLTDVLAYK","Trifunctional","FB-B","FB",29597.3247899659,89243.5454545455,0.331646671355529
"4","AAQDNGLLTDVLAYK y3","AAQDNGLLTDVLAYK","Trifunctional","FB-E","FB",30114.1983330274,81501.9090909091,0.369490710940738
"5","AAQDNGLLTDVLAYK y3","AAQDNGLLTDVLAYK","Trifunctional","PG-B","PG",30404.4191555948,73075.1923076923,0.416070326952726
"6","AAQDNGLLTDVLAYK y3","AAQDNGLLTDVLAYK","Trifunctional","PG-E","PG",34529.2712147107,59099.8571428571,0.584253040261095
"7","AAQDNGLLTDVLAYK y3","AAQDNGLLTDVLAYK","Trifunctional","WB-B","WB",24706.305474146,49139,0.502784050838357
"8","AAQDNGLLTDVLAYK y3","AAQDNGLLTDVLAYK","Trifunctional","WB-E","WB",25814.9559508321,51441.21875,0.501834065718595
"9","AAQDNGLLTDVLAYK y7","AAQDNGLLTDVLAYK","Trifunctional","CI-B","CI",27055.4978395886,42538.2142857143,0.636028058391599
"10","AAQDNGLLTDVLAYK y7","AAQDNGLLTDVLAYK","Trifunctional","CI-E","CI",33366.8726943772,91348.5555555556,0.3652698446237
"11","AAQDNGLLTDVLAYK y7","AAQDNGLLTDVLAYK","Trifunctional","FB-B","FB",48324.0391486567,128607.090909091,0.375749414803386
"12","AAQDNGLLTDVLAYK y7","AAQDNGLLTDVLAYK","Trifunctional","FB-E","FB",44979.298498865,117758,0.381963845334202
"13","AAQDNGLLTDVLAYK y7","AAQDNGLLTDVLAYK","Trifunctional","PG-B","PG",45058.5770100774,106569.884615385,0.422807786390084
"14","AAQDNGLLTDVLAYK y7","AAQDNGLLTDVLAYK","Trifunctional","PG-E","PG",47468.6752712108,85377.1428571429,0.555988098016324
"15","AAQDNGLLTDVLAYK y7","AAQDNGLLTDVLAYK","Trifunctional","WB-B","WB",35603.1643316187,72770.3333333333,0.489253830520936
"16","AAQDNGLLTDVLAYK y7","AAQDNGLLTDVLAYK","Trifunctional","WB-E","WB",39034.7804704165,73780.1875,0.529068599485689
"17","AAQDNGLLTDVLAYK y8","AAQDNGLLTDVLAYK","Trifunctional","CI-B","CI",42047.6502664149,68671.1428571429,0.612304506914745
"18","AAQDNGLLTDVLAYK y8","AAQDNGLLTDVLAYK","Trifunctional","CI-E","CI",60944.099545142,127104.272727273,0.479481123942305
"19","AAQDNGLLTDVLAYK y8","AAQDNGLLTDVLAYK","Trifunctional","FB-B","FB",73092.931075229,208532.727272727,0.350510598653588
"20","AAQDNGLLTDVLAYK y8","AAQDNGLLTDVLAYK","Trifunctional","FB-E","FB",77566.3600622953,199715.681818182,0.388383923366171
"21","AAQDNGLLTDVLAYK y8","AAQDNGLLTDVLAYK","Trifunctional","PG-B","PG",71232.4063528258,175348.307692308,0.406233782865021
"22","AAQDNGLLTDVLAYK y8","AAQDNGLLTDVLAYK","Trifunctional","PG-E","PG",83759.3690918833,142584.857142857,0.587435235201477
"23","AAQDNGLLTDVLAYK y8","AAQDNGLLTDVLAYK","Trifunctional","WB-B","WB",63461.8079046187,124457.75,0.509906437362227
"24","AAQDNGLLTDVLAYK y8","AAQDNGLLTDVLAYK","Trifunctional","WB-E","WB",62257.3062526182,123074.21875,0.50585172820866
"25","AGELGGSDPDYAMR y10","AGELGGSDPDYAMR","Catalase","CI-B","CI",395286.985444713,568749.428571429,0.695010782582386
"26","AGELGGSDPDYAMR y10","AGELGGSDPDYAMR","Catalase","CI-E","CI",813217.153544819,1280120.63636364,0.635266029188372
"27","AGELGGSDPDYAMR y10","AGELGGSDPDYAMR","Catalase","FB-B","FB",342918.071633597,733959.363636364,0.467216699756546
"28","AGELGGSDPDYAMR y10","AGELGGSDPDYAMR","Catalase","FB-E","FB",266897.207532788,593982,0.449335514431057
"29","AGELGGSDPDYAMR y10","AGELGGSDPDYAMR","Catalase","PG-B","PG",383782.741560269,724472.653846154,0.529740825306247
"30","AGELGGSDPDYAMR y10","AGELGGSDPDYAMR","Catalase","PG-E","PG",412817.641269794,560878.535714286,0.736019681594814
"31","AGELGGSDPDYAMR y10","AGELGGSDPDYAMR","Catalase","WB-B","WB",289449.896326308,564415.916666667,0.51283085359418
"32","AGELGGSDPDYAMR y10","AGELGGSDPDYAMR","Catalase","WB-E","WB",336954.558885039,628579,0.536057613895849
"33","AGELGGSDPDYAMR y4","AGELGGSDPDYAMR","Catalase","CI-B","CI",119223.582063957,161348.928571429,0.738917717765802
"34","AGELGGSDPDYAMR y4","AGELGGSDPDYAMR","Catalase","CI-E","CI",231556.367218019,366201.454545455,0.632319627199288
"35","AGELGGSDPDYAMR y4","AGELGGSDPDYAMR","Catalase","FB-B","FB",92828.1736549015,202059.363636364,0.459410402885163
"36","AGELGGSDPDYAMR y4","AGELGGSDPDYAMR","Catalase","FB-E","FB",75617.6485575172,162069.772727273,0.466574656612648
"37","AGELGGSDPDYAMR y4","AGELGGSDPDYAMR","Catalase","PG-B","PG",118244.815465165,209038.153846154,0.565661403382802
"38","AGELGGSDPDYAMR y4","AGELGGSDPDYAMR","Catalase","PG-E","PG",120184.10953287,153868.857142857,0.781081446658738
"39","AGELGGSDPDYAMR y4","AGELGGSDPDYAMR","Catalase","WB-B","WB",81679.4612543169,152518.75,0.53553717988324
"40","AGELGGSDPDYAMR y4","AGELGGSDPDYAMR","Catalase","WB-E","WB",98832.666776991,173931.09375,0.568228858027238
"41","AGELGGSDPDYAMR y6","AGELGGSDPDYAMR","Catalase","CI-B","CI",635525.075991458,1107384.5,0.573897391548697
"42","AGELGGSDPDYAMR y6","AGELGGSDPDYAMR","Catalase","CI-E","CI",1255493.6228771,2149816.18181818,0.584000452455093
"43","AGELGGSDPDYAMR y6","AGELGGSDPDYAMR","Catalase","FB-B","FB",512271.572286978,1127029.04545455,0.454532715330662
"44","AGELGGSDPDYAMR y6","AGELGGSDPDYAMR","Catalase","FB-E","FB",399607.878811143,882272.590909091,0.45293017478803
"45","AGELGGSDPDYAMR y6","AGELGGSDPDYAMR","Catalase","PG-B","PG",618885.557810583,1081991.34615385,0.57198753022428
"46","AGELGGSDPDYAMR y6","AGELGGSDPDYAMR","Catalase","PG-E","PG",614857.783647876,822993.392857143,0.7470992950664
"47","AGELGGSDPDYAMR y6","AGELGGSDPDYAMR","Catalase","WB-B","WB",544872.106600957,978058.583333333,0.557095572684381
"48","AGELGGSDPDYAMR y6","AGELGGSDPDYAMR","Catalase","WB-E","WB",570446.197605442,1091743.6875,0.522509270387187
"49","ALELGLKPK y3","ALELGLKPK","Trifunctional","CI-B","CI",11392.1260876524,19256.8181818182,0.591589222066215
"50","ALELGLKPK y3","ALELGLKPK","Trifunctional","CI-E","CI",20599.9661782967,35522.1818181818,0.579918381245174
"51","ALELGLKPK y3","ALELGLKPK","Trifunctional","FB-B","FB",23025.736436451,48112.0909090909,0.478585237127997
"52","ALELGLKPK y3","ALELGLKPK","Trifunctional","FB-E","FB",14387.085638453,40689.7727272727,0.353579896719599
"53","ALELGLKPK y3","ALELGLKPK","Trifunctional","PG-B","PG",20592.9679690821,37714.2307692308,0.54602646133997
"54","ALELGLKPK y3","ALELGLKPK","Trifunctional","PG-E","PG",21361.5690332921,32223,0.662929244120413
"55","ALELGLKPK y3","ALELGLKPK","Trifunctional","WB-B","WB",13217.7142275054,30533.3,0.432895043362671
"56","ALELGLKPK y3","ALELGLKPK","Trifunctional","WB-E","WB",15044.3052954837,28555.25,0.526849013595877
"57","ALELGLKPK y5","ALELGLKPK","Trifunctional","CI-B","CI",58467.4077236561,100265.090909091,0.583128257238282
"58","ALELGLKPK y5","ALELGLKPK","Trifunctional","CI-E","CI",103202.178713862,182274.636363636,0.56619056152154
"59","ALELGLKPK y5","ALELGLKPK","Trifunctional","FB-B","FB",109059.698973169,231849.772727273,0.47038950131496
"60","ALELGLKPK y5","ALELGLKPK","Trifunctional","FB-E","FB",87526.9764302308,222970.227272727,0.392550061507412
"61","ALELGLKPK y5","ALELGLKPK","Trifunctional","PG-B","PG",99003.2643816736,203450.538461538,0.486620802924981
"62","ALELGLKPK y5","ALELGLKPK","Trifunctional","PG-E","PG",119095.689131523,171936.571428571,0.692672234545516
"63","ALELGLKPK y5","ALELGLKPK","Trifunctional","WB-B","WB",78473.3316065034,131058.666666667,0.598764916524687
"64","ALELGLKPK y5","ALELGLKPK","Trifunctional","WB-E","WB",79489.5821218538,147333.9375,0.539519838203291
"65","ALELGLKPK y6","ALELGLKPK","Trifunctional","CI-B","CI",67111.028713245,108555,0.618221442708719
"66","ALELGLKPK y6","ALELGLKPK","Trifunctional","CI-E","CI",103232.477999923,179277.363636364,0.575825502484039
"67","ALELGLKPK y6","ALELGLKPK","Trifunctional","FB-B","FB",101001.256804129,224516.818181818,0.449860538832045
"68","ALELGLKPK y6","ALELGLKPK","Trifunctional","FB-E","FB",81546.5406290398,219687.181818182,0.371193894673971
"69","ALELGLKPK y6","ALELGLKPK","Trifunctional","PG-B","PG",93372.8058949302,201947.230769231,0.462362398034708
"70","ALELGLKPK y6","ALELGLKPK","Trifunctional","PG-E","PG",117204.598324301,166970.785714286,0.701946737705705
"71","ALELGLKPK y6","ALELGLKPK","Trifunctional","WB-B","WB",78468.1931748705,132690.583333333,0.59136218414045
"72","ALELGLKPK y6","ALELGLKPK","Trifunctional","WB-E","WB",82263.7916807643,150147.40625,0.547886864883916
"73","ALFIIDDK y3","ALFIIDDK","Peroxiredoxin-1","CI-B","CI",140967.39404749,243564.714285714,0.578767718718598
"74","ALFIIDDK y3","ALFIIDDK","Peroxiredoxin-1","CI-E","CI",164132.283424783,339996,0.482747689457473
"75","ALFIIDDK y3","ALFIIDDK","Peroxiredoxin-1","FB-B","FB",154333.876606266,446178.227272727,0.345901855295887
"76","ALFIIDDK y3","ALFIIDDK","Peroxiredoxin-1","FB-E","FB",148889.604035308,455113.909090909,0.32714799759189
"77","ALFIIDDK y3","ALFIIDDK","Peroxiredoxin-1","PG-B","PG",184357.521742497,399830.076923077,0.46108967879864
"78","ALFIIDDK y3","ALFIIDDK","Peroxiredoxin-1","PG-E","PG",151627.596602772,308569.428571429,0.491388914659356
"79","ALFIIDDK y3","ALFIIDDK","Peroxiredoxin-1","WB-B","WB",125794.736136319,292078.666666667,0.430687860814845
"80","ALFIIDDK y3","ALFIIDDK","Peroxiredoxin-1","WB-E","WB",120398.063516653,321517.46875,0.374468186704562
"81","ALFIIDDK y4","ALFIIDDK","Peroxiredoxin-1","CI-B","CI",550978.582110225,970575.285714286,0.567682476794922
"82","ALFIIDDK y4","ALFIIDDK","Peroxiredoxin-1","CI-E","CI",620768.957186413,1338568.54545455,0.463755822811162
"83","ALFIIDDK y4","ALFIIDDK","Peroxiredoxin-1","FB-B","FB",540839.226027065,1739649.86363636,0.310889701043954
"84","ALFIIDDK y4","ALFIIDDK","Peroxiredoxin-1","FB-E","FB",625133.226963932,1672182.375,0.373842731696016
"85","ALFIIDDK y4","ALFIIDDK","Peroxiredoxin-1","PG-B","PG",664330.308819666,1559797.65384615,0.425908006196546
"86","ALFIIDDK y4","ALFIIDDK","Peroxiredoxin-1","PG-E","PG",618069.116003705,1302903.27272727,0.474378358655855
"87","ALFIIDDK y4","ALFIIDDK","Peroxiredoxin-1","WB-B","WB",460114.653738082,1159281.66666667,0.396896342768078
"88","ALFIIDDK y4","ALFIIDDK","Peroxiredoxin-1","WB-E","WB",463229.878705063,1281333.1875,0.361521798720337
"89","ALFIIDDK y5","ALFIIDDK","Peroxiredoxin-1","CI-B","CI",498650.689464258,927718.5,0.537502151206705
"90","ALFIIDDK y5","ALFIIDDK","Peroxiredoxin-1","CI-E","CI",540290.591324386,1257291.63636364,0.42972574993581
"91","ALFIIDDK y5","ALFIIDDK","Peroxiredoxin-1","FB-B","FB",439040.249027032,1619585.72727273,0.271081821501568
"92","ALFIIDDK y5","ALFIIDDK","Peroxiredoxin-1","FB-E","FB",481080.707795494,1677278.31818182,0.286822230145435
"93","ALFIIDDK y5","ALFIIDDK","Peroxiredoxin-1","PG-B","PG",553321.269879551,1459318.57692308,0.379164137721189
"94","ALFIIDDK y5","ALFIIDDK","Peroxiredoxin-1","PG-E","PG",482384.953768105,1173625.82142857,0.411021080961675
"95","ALFIIDDK y5","ALFIIDDK","Peroxiredoxin-1","WB-B","WB",401598.380762159,1098286.66666667,0.365658978617142
"96","ALFIIDDK y5","ALFIIDDK","Peroxiredoxin-1","WB-E","WB",415036.014708254,1222074.28125,0.339616029136735
"97","APGLPAQIK y4","APGLPAQIK","Arachidonate","CI-B","CI",94867.4263336697,105596.083333333,0.898399100979942
"98","APGLPAQIK y4","APGLPAQIK","Arachidonate","CI-E","CI",127611.28801808,172752,0.738696443561174
"99","APGLPAQIK y4","APGLPAQIK","Arachidonate","FB-B","FB",104696.58112882,196624.181818182,0.53247052402554
"100","APGLPAQIK y4","APGLPAQIK","Arachidonate","FB-E","FB",69749.9547363164,152703.227272727,0.456768045980739
"101","APGLPAQIK y4","APGLPAQIK","Arachidonate","PG-B","PG",69603.1129043404,134480.653846154,0.517569709201195
"102","APGLPAQIK y4","APGLPAQIK","Arachidonate","PG-E","PG",77159.6791710169,103487.535714286,0.745593936878
"103","APGLPAQIK y4","APGLPAQIK","Arachidonate","WB-B","WB",85687.0157845435,145007.166666667,0.590915730265356
"104","APGLPAQIK y4","APGLPAQIK","Arachidonate","WB-E","WB",104247.442441503,151439.375,0.688377394858522
"105","APGLPAQIK y5","APGLPAQIK","Arachidonate","CI-B","CI",5060796.86401863,5443595.27272727,0.929679120226575
"106","APGLPAQIK y5","APGLPAQIK","Arachidonate","CI-E","CI",6319927.10755095,9000403.54545454,0.702182638326555
"107","APGLPAQIK y5","APGLPAQIK","Arachidonate","FB-B","FB",5072869.57911382,10336574.3181818,0.490768935912428
"108","APGLPAQIK y5","APGLPAQIK","Arachidonate","FB-E","FB",3324053.7413243,8487042.63636364,0.391662194211448
"109","APGLPAQIK y5","APGLPAQIK","Arachidonate","PG-B","PG",3418151.85319222,7095272.88461538,0.481750583632064
"110","APGLPAQIK y5","APGLPAQIK","Arachidonate","PG-E","PG",3868704.12344882,5483206.75,0.705555033730731
"111","APGLPAQIK y5","APGLPAQIK","Arachidonate","WB-B","WB",4365032.97959146,7819609.16666667,0.558216259477349
"112","APGLPAQIK y5","APGLPAQIK","Arachidonate","WB-E","WB",5111481.62714491,7905824.78125,0.646546283098464
"113","APGLPAQIK y6","APGLPAQIK","Arachidonate","CI-B","CI",282056.769682992,312551.636363636,0.902432548312865
"114","APGLPAQIK y6","APGLPAQIK","Arachidonate","CI-E","CI",331749.185293775,503508,0.658875698685572
"115","APGLPAQIK y6","APGLPAQIK","Arachidonate","FB-B","FB",279011.72167454,584309.409090909,0.477506809463563
"116","APGLPAQIK y6","APGLPAQIK","Arachidonate","FB-E","FB",185966.560846274,491586.909090909,0.378298440025959
"117","APGLPAQIK y6","APGLPAQIK","Arachidonate","PG-B","PG",190178.880301606,419665.192307692,0.453168105879435
"118","APGLPAQIK y6","APGLPAQIK","Arachidonate","PG-E","PG",220821.16856113,329335.321428571,0.670505573478316
"119","APGLPAQIK y6","APGLPAQIK","Arachidonate","WB-B","WB",227777.825567481,445967.25,0.510750118013108
"120","APGLPAQIK y6","APGLPAQIK","Arachidonate","WB-E","WB",278092.716866675,457048,0.608454072365868
"121","APNSFNLR y3","APNSFNLR","Glycogen","CI-B","CI",134542.29653758,273087.142857143,0.492671661982864
"122","APNSFNLR y3","APNSFNLR","Glycogen","CI-E","CI",180874.048225466,297660.272727273,0.607652632204599
"123","APNSFNLR y3","APNSFNLR","Glycogen","FB-B","FB",122078.93304494,300553.909090909,0.406179821164843
"124","APNSFNLR y3","APNSFNLR","Glycogen","FB-E","FB",131621.489378974,281798.875,0.467075993042817
"125","APNSFNLR y3","APNSFNLR","Glycogen","PG-B","PG",93385.8396272745,240248.653846154,0.388704944365995
"126","APNSFNLR y3","APNSFNLR","Glycogen","PG-E","PG",121472.089438515,197444.071428571,0.615222774528632
"127","APNSFNLR y3","APNSFNLR","Glycogen","WB-B","WB",123357.354565881,226732.916666667,0.54406460420229
"128","APNSFNLR y3","APNSFNLR","Glycogen","WB-E","WB",141260.889616229,287895.34375,0.490667503601225
"129","APNSFNLR y4","APNSFNLR","Glycogen","CI-B","CI",150007.828355405,331814.071428571,0.45208398700384
"130","APNSFNLR y4","APNSFNLR","Glycogen","CI-E","CI",260162.14405414,438807.818181818,0.592884021830128
"131","APNSFNLR y4","APNSFNLR","Glycogen","FB-B","FB",211878.72337047,561356.5,0.377440580754778
"132","APNSFNLR y4","APNSFNLR","Glycogen","FB-E","FB",178313.425522322,562269.363636364,0.317131675766781
"133","APNSFNLR y4","APNSFNLR","Glycogen","PG-B","PG",145046.718693716,478671.307692308,0.303019454817528
"134","APNSFNLR y4","APNSFNLR","Glycogen","PG-E","PG",199271.151279502,379745.214285714,0.524749605217075
"135","APNSFNLR y4","APNSFNLR","Glycogen","WB-B","WB",174645.105434889,401231,0.435273210282579
"136","APNSFNLR y4","APNSFNLR","Glycogen","WB-E","WB",221643.998662808,512670.375,0.432332370800259
"137","APNSFNLR y5","APNSFNLR","Glycogen","CI-B","CI",330347.514828475,718058.642857143,0.460056456550719
"138","APNSFNLR y5","APNSFNLR","Glycogen","CI-E","CI",575132.88655348,960428.636363636,0.598829381775872
"139","APNSFNLR y5","APNSFNLR","Glycogen","FB-B","FB",489633.580399433,1241517.77272727,0.394383061729228
"140","APNSFNLR y5","APNSFNLR","Glycogen","FB-E","FB",411017.905490685,1201426.5,0.342108240071852
"141","APNSFNLR y5","APNSFNLR","Glycogen","PG-B","PG",338283.537832223,1050627.92307692,0.321982245476123
"142","APNSFNLR y5","APNSFNLR","Glycogen","PG-E","PG",437756.131207738,842043.464285714,0.519873557333619
"143","APNSFNLR y5","APNSFNLR","Glycogen","WB-B","WB",389262.178948773,874266.583333333,0.44524426115502
"144","APNSFNLR y5","APNSFNLR","Glycogen","WB-E","WB",492670.623637037,1094957.1875,0.449945102202489
"145","DNVVVIGFFK y5","DNVVVIGFFK","PDI","CI-B","CI",334522.631151414,567109.642857143,0.589872937913845
"146","DNVVVIGFFK y5","DNVVVIGFFK","PDI","CI-E","CI",443666.639046564,829712.909090909,0.534723076121204
"147","DNVVVIGFFK y5","DNVVVIGFFK","PDI","FB-B","FB",402154.177134269,1220775.40909091,0.329425194953547
"148","DNVVVIGFFK y5","DNVVVIGFFK","PDI","FB-E","FB",388049.186021765,1346652.63636364,0.288158338344485
"149","DNVVVIGFFK y5","DNVVVIGFFK","PDI","PG-B","PG",502459.801001393,1326726.23076923,0.378721539793532
"150","DNVVVIGFFK y5","DNVVVIGFFK","PDI","PG-E","PG",675391.817620041,979511,0.689519380200979
"151","DNVVVIGFFK y5","DNVVVIGFFK","PDI","WB-B","WB",236326.422178321,683916.333333333,0.34554873258618
"152","DNVVVIGFFK y5","DNVVVIGFFK","PDI","WB-E","WB",349848.456699191,678590.625,0.51555156203225
"153","DNVVVIGFFK y6","DNVVVIGFFK","PDI","CI-B","CI",1213652.65395259,2081588.42857143,0.583041602890493
"154","DNVVVIGFFK y6","DNVVVIGFFK","PDI","CI-E","CI",1642612.36629186,3041167.45454545,0.540125590202785
"155","DNVVVIGFFK y6","DNVVVIGFFK","PDI","FB-B","FB",1475667.84890673,4551532.63636364,0.324213395091831
"156","DNVVVIGFFK y6","DNVVVIGFFK","PDI","FB-E","FB",1433542.18650127,5025643.63636364,0.285245490971288
"157","DNVVVIGFFK y6","DNVVVIGFFK","PDI","PG-B","PG",1761940.03950771,4945438.34615385,0.356275807356491
"158","DNVVVIGFFK y6","DNVVVIGFFK","PDI","PG-E","PG",2530824.93928392,3641209.67857143,0.695050591065344
"159","DNVVVIGFFK y6","DNVVVIGFFK","PDI","WB-B","WB",855105.106472426,2549031.41666667,0.335462756904988
"160","DNVVVIGFFK y6","DNVVVIGFFK","PDI","WB-E","WB",1297648.48083832,2565219.21875,0.505862606732942
"161","DNVVVIGFFK y7","DNVVVIGFFK","PDI","CI-B","CI",1604695.8458522,2901203.35714286,0.553113880108192
"162","DNVVVIGFFK y7","DNVVVIGFFK","PDI","CI-E","CI",2192270.64482246,4174391.27272727,0.525171336751615
"163","DNVVVIGFFK y7","DNVVVIGFFK","PDI","FB-B","FB",1973206.0411825,6228170.45454545,0.316819530804976
"164","DNVVVIGFFK y7","DNVVVIGFFK","PDI","FB-E","FB",1868516.68352214,6818363.77272727,0.274041800321069
"165","DNVVVIGFFK y7","DNVVVIGFFK","PDI","PG-B","PG",2287165.78477031,6742147.57692308,0.339234013891774
"166","DNVVVIGFFK y7","DNVVVIGFFK","PDI","PG-E","PG",3331176.64367229,4985665.71428571,0.668150821690126
"167","DNVVVIGFFK y7","DNVVVIGFFK","PDI","WB-B","WB",1135806.68495826,3529671.33333333,0.321788228335026
"168","DNVVVIGFFK y7","DNVVVIGFFK","PDI","WB-E","WB",1771372.92297861,3560625.875,0.49748920138334
"169","DSSTMGYMAAK y6","DSSTMGYMAAK","HSP90-alpha","CI-B","CI",646938.620074856,832473,0.777128651709853
"170","DSSTMGYMAAK y6","DSSTMGYMAAK","HSP90-alpha","CI-E","CI",861257.948326355,1302460.45454545,0.661254585750111
"171","DSSTMGYMAAK y6","DSSTMGYMAAK","HSP90-alpha","FB-B","FB",795307.442016105,2105903.5,0.377656166114024
"172","DSSTMGYMAAK y6","DSSTMGYMAAK","HSP90-alpha","FB-E","FB",958937.137863064,2153854.36363636,0.445219116971347
"173","DSSTMGYMAAK y6","DSSTMGYMAAK","HSP90-alpha","PG-B","PG",1254530.59450323,2293480.61538462,0.54699856021798
"174","DSSTMGYMAAK y6","DSSTMGYMAAK","HSP90-alpha","PG-E","PG",892277.503528463,1343883.5,0.663954504634117
"175","DSSTMGYMAAK y6","DSSTMGYMAAK","HSP90-alpha","WB-B","WB",679151.008476727,1047684.8,0.648239822202944
"176","DSSTMGYMAAK y6","DSSTMGYMAAK","HSP90-alpha","WB-E","WB",615399.824387651,1028419.1875,0.598393954398727
"177","DSSTMGYMAAK y7","DSSTMGYMAAK","HSP90-alpha","CI-B","CI",600430.242353653,767564.071428571,0.782254230889347
"178","DSSTMGYMAAK y7","DSSTMGYMAAK","HSP90-alpha","CI-E","CI",797921.613855955,1204674.90909091,0.662354306406278
"179","DSSTMGYMAAK y7","DSSTMGYMAAK","HSP90-alpha","FB-B","FB",723892.60568056,1948545.40909091,0.371504098546151
"180","DSSTMGYMAAK y7","DSSTMGYMAAK","HSP90-alpha","FB-E","FB",913257.102739998,2023817.13636364,0.451254753372098
"181","DSSTMGYMAAK y7","DSSTMGYMAAK","HSP90-alpha","PG-B","PG",1117850.15320204,2076241,0.538400962702328
"182","DSSTMGYMAAK y7","DSSTMGYMAAK","HSP90-alpha","PG-E","PG",817923.252984635,1258156.46428571,0.650096610558679
"183","DSSTMGYMAAK y7","DSSTMGYMAAK","HSP90-alpha","WB-B","WB",619672.164850128,970641.4,0.638415139566608
"184","DSSTMGYMAAK y7","DSSTMGYMAAK","HSP90-alpha","WB-E","WB",565974.389833013,950321.40625,0.59556102399752
"185","DSSTMGYMAAK y8","DSSTMGYMAAK","HSP90-alpha","CI-B","CI",385422.423226885,502310.571428571,0.767299047939094
"186","DSSTMGYMAAK y8","DSSTMGYMAAK","HSP90-alpha","CI-E","CI",504744.92428616,766044.909090909,0.658897302620491
"187","DSSTMGYMAAK y8","DSSTMGYMAAK","HSP90-alpha","FB-B","FB",443307.523044449,1222408.86363636,0.362650776046992
"188","DSSTMGYMAAK y8","DSSTMGYMAAK","HSP90-alpha","FB-E","FB",558863.070017489,1293362.54545455,0.432100861418621
"189","DSSTMGYMAAK y8","DSSTMGYMAAK","HSP90-alpha","PG-B","PG",677034.712220776,1309219.07692308,0.517128664067393
"190","DSSTMGYMAAK y8","DSSTMGYMAAK","HSP90-alpha","PG-E","PG",498553.70458614,801546.5,0.621989746803386
"191","DSSTMGYMAAK y8","DSSTMGYMAAK","HSP90-alpha","WB-B","WB",345421.028884174,642106.083333333,0.537950095552759
"192","DSSTMGYMAAK y8","DSSTMGYMAAK","HSP90-alpha","WB-E","WB",360469.767508893,614507.03125,0.58659990720634
"193","EVVQSSAFVER y6","EVVQSSAFVER","HSP90-alpha","CI-B","CI",598180.07130996,950045.642857143,0.629632982170213
"194","EVVQSSAFVER y6","EVVQSSAFVER","HSP90-alpha","CI-E","CI",791955.736770592,1243183.27272727,0.637038604157868
"195","EVVQSSAFVER y6","EVVQSSAFVER","HSP90-alpha","FB-B","FB",549892.716057724,2000618.40909091,0.274861369643998
"196","EVVQSSAFVER y6","EVVQSSAFVER","HSP90-alpha","FB-E","FB",915463.817547909,2332733.90909091,0.392442453029147
"197","EVVQSSAFVER y6","EVVQSSAFVER","HSP90-alpha","PG-B","PG",919385.285631329,2308787.73076923,0.398211266189037
"198","EVVQSSAFVER y6","EVVQSSAFVER","HSP90-alpha","PG-E","PG",585143.543823495,1356393.82142857,0.431396497521062
"199","EVVQSSAFVER y6","EVVQSSAFVER","HSP90-alpha","WB-B","WB",436440.327245396,1087075.75,0.401481062608007
"200","EVVQSSAFVER y6","EVVQSSAFVER","HSP90-alpha","WB-E","WB",369757.260401844,962099.28125,0.384323393238003
"201","EVVQSSAFVER y7","EVVQSSAFVER","HSP90-alpha","CI-B","CI",2393537.90017819,3795693.21428571,0.630593086704089
"202","EVVQSSAFVER y7","EVVQSSAFVER","HSP90-alpha","CI-E","CI",3110017.60796993,4904496.18181818,0.634115614056201
"203","EVVQSSAFVER y7","EVVQSSAFVER","HSP90-alpha","FB-B","FB",2060794.366519,7848800.36363636,0.26256170001045
"204","EVVQSSAFVER y7","EVVQSSAFVER","HSP90-alpha","FB-E","FB",3425707.84971063,9163337.04545454,0.373849377439406
"205","EVVQSSAFVER y7","EVVQSSAFVER","HSP90-alpha","PG-B","PG",3489287.05369314,9030514.76923077,0.386388499754412
"206","EVVQSSAFVER y7","EVVQSSAFVER","HSP90-alpha","PG-E","PG",2278334.57120668,5381649.71428571,0.423352446213432
"207","EVVQSSAFVER y7","EVVQSSAFVER","HSP90-alpha","WB-B","WB",1720783.75148222,4352755.91666667,0.39533201135707
"208","EVVQSSAFVER y7","EVVQSSAFVER","HSP90-alpha","WB-E","WB",1517807.17796007,3851615.8125,0.394070242684692
"209","EVVQSSAFVER y8","EVVQSSAFVER","HSP90-alpha","CI-B","CI",1376042.03308792,2237746,0.614923245572966
"210","EVVQSSAFVER y8","EVVQSSAFVER","HSP90-alpha","CI-E","CI",1732831.88379906,2857428,0.606430637552042
"211","EVVQSSAFVER y8","EVVQSSAFVER","HSP90-alpha","FB-B","FB",1097065.77856762,4506872.45454545,0.243420640284852
"212","EVVQSSAFVER y8","EVVQSSAFVER","HSP90-alpha","FB-E","FB",1874143.77166902,5254919.77272727,0.356645553638271
"213","EVVQSSAFVER y8","EVVQSSAFVER","HSP90-alpha","PG-B","PG",1899005.45036099,5178640.61538462,0.366699601574873
"214","EVVQSSAFVER y8","EVVQSSAFVER","HSP90-alpha","PG-E","PG",1261722.0952301,3167792.21428571,0.398296987264549
"215","EVVQSSAFVER y8","EVVQSSAFVER","HSP90-alpha","WB-B","WB",980005.622674891,2587503.41666667,0.3787456342521
"216","EVVQSSAFVER y8","EVVQSSAFVER","HSP90-alpha","WB-E","WB",853719.874086934,2319661.28125,0.368036437469391
"217","GLGLGGVPGQNGK y6","GLGLGGVPGQNGK","Arachidonate","CI-B","CI",880521.500988282,1193955.64285714,0.737482590962248
"218","GLGLGGVPGQNGK y6","GLGLGGVPGQNGK","Arachidonate","CI-E","CI",842489.370879482,1837303.63636364,0.458546619189697
"219","GLGLGGVPGQNGK y6","GLGLGGVPGQNGK","Arachidonate","FB-B","FB",835009.464599213,2245050.31818182,0.371933518744228
"220","GLGLGGVPGQNGK y6","GLGLGGVPGQNGK","Arachidonate","FB-E","FB",508068.119223495,1884588.5,0.269591011100564
"221","GLGLGGVPGQNGK y6","GLGLGGVPGQNGK","Arachidonate","PG-B","PG",632174.020088759,1673413.15384615,0.377775218651639
"222","GLGLGGVPGQNGK y6","GLGLGGVPGQNGK","Arachidonate","PG-E","PG",661915.933586383,1317607.39285714,0.502362036806019
"223","GLGLGGVPGQNGK y6","GLGLGGVPGQNGK","Arachidonate","WB-B","WB",644650.134732411,1799252.83333333,0.35828768630483
"224","GLGLGGVPGQNGK y6","GLGLGGVPGQNGK","Arachidonate","WB-E","WB",837637.756923825,1780159.75,0.470540779794524
"225","GLGLGGVPGQNGK y8","GLGLGGVPGQNGK","Arachidonate","CI-B","CI",146163.071778363,199895.928571429,0.731195841870959
"226","GLGLGGVPGQNGK y8","GLGLGGVPGQNGK","Arachidonate","CI-E","CI",139981.762895196,308108.818181818,0.454325727258451
"227","GLGLGGVPGQNGK y8","GLGLGGVPGQNGK","Arachidonate","FB-B","FB",135577.335794976,378650.818181818,0.358053724658467
"228","GLGLGGVPGQNGK y8","GLGLGGVPGQNGK","Arachidonate","FB-E","FB",86730.8164781595,320573.727272727,0.270548735281645
"229","GLGLGGVPGQNGK y8","GLGLGGVPGQNGK","Arachidonate","PG-B","PG",103866.763458279,281689.115384615,0.368728352589912
"230","GLGLGGVPGQNGK y8","GLGLGGVPGQNGK","Arachidonate","PG-E","PG",110337.21338193,226897.464285714,0.486286674596731
"231","GLGLGGVPGQNGK y8","GLGLGGVPGQNGK","Arachidonate","WB-B","WB",103704.629885979,305993.666666667,0.338911033733745
"232","GLGLGGVPGQNGK y8","GLGLGGVPGQNGK","Arachidonate","WB-E","WB",141963.153068856,301336.4375,0.471111805285266
"233","GLGLGGVPGQNGK y9","GLGLGGVPGQNGK","Arachidonate","CI-B","CI",644553.375554974,900198.142857143,0.716012780818702
"234","GLGLGGVPGQNGK y9","GLGLGGVPGQNGK","Arachidonate","CI-E","CI",615908.860802271,1368148.27272727,0.450176982334317
"235","GLGLGGVPGQNGK y9","GLGLGGVPGQNGK","Arachidonate","FB-B","FB",578242.951558862,1653342.86363636,0.34974170468615
"236","GLGLGGVPGQNGK y9","GLGLGGVPGQNGK","Arachidonate","FB-E","FB",376066.931905152,1429856.86363636,0.263010194565036
"237","GLGLGGVPGQNGK y9","GLGLGGVPGQNGK","Arachidonate","PG-B","PG",454221.934654859,1250947.53846154,0.363102305004315
"238","GLGLGGVPGQNGK y9","GLGLGGVPGQNGK","Arachidonate","PG-E","PG",498528.797938283,995603.428571429,0.500730294444257
"239","GLGLGGVPGQNGK y9","GLGLGGVPGQNGK","Arachidonate","WB-B","WB",464233.997728459,1359920.41666667,0.34136850365579
"240","GLGLGGVPGQNGK y9","GLGLGGVPGQNGK","Arachidonate","WB-E","WB",610618.793620661,1348379.0625,0.452853956726772
"241","GVVDSEDLPLNISR y6","GVVDSEDLPLNISR","HSP90-alpha","CI-B","CI",2681932.93200237,3900420.64285714,0.687600948096152
"242","GVVDSEDLPLNISR y6","GVVDSEDLPLNISR","HSP90-alpha","CI-E","CI",3451212.5025228,6559688.63636364,0.526124438802019
"243","GVVDSEDLPLNISR y6","GVVDSEDLPLNISR","HSP90-alpha","FB-B","FB",3680202.98147585,11112423.8636364,0.331179140270083
"244","GVVDSEDLPLNISR y6","GVVDSEDLPLNISR","HSP90-alpha","FB-E","FB",4028611.99111466,11023536.3636364,0.365455499779903
"245","GVVDSEDLPLNISR y6","GVVDSEDLPLNISR","HSP90-alpha","PG-B","PG",4092521.76383083,9862407.88461538,0.414961722503371
"246","GVVDSEDLPLNISR y6","GVVDSEDLPLNISR","HSP90-alpha","PG-E","PG",2925432.13810946,6293647.10714286,0.464823033180442
"247","GVVDSEDLPLNISR y6","GVVDSEDLPLNISR","HSP90-alpha","WB-B","WB",2805393.98118561,5753872.75,0.487566218975838
"248","GVVDSEDLPLNISR y6","GVVDSEDLPLNISR","HSP90-alpha","WB-E","WB",2790264.24430337,5927324.125,0.470746020541499
"249","GVVDSEDLPLNISR y7","GVVDSEDLPLNISR","HSP90-alpha","CI-B","CI",845976.702405709,1219267.07142857,0.693840358876016
"250","GVVDSEDLPLNISR y7","GVVDSEDLPLNISR","HSP90-alpha","CI-E","CI",1134981.35931805,2106244.45454545,0.538864972139709
"251","GVVDSEDLPLNISR y7","GVVDSEDLPLNISR","HSP90-alpha","FB-B","FB",1196061.7151923,3492065.09090909,0.342508425259887
"252","GVVDSEDLPLNISR y7","GVVDSEDLPLNISR","HSP90-alpha","FB-E","FB",1279693.28008035,3467693.18181818,0.369033017912324
"253","GVVDSEDLPLNISR y7","GVVDSEDLPLNISR","HSP90-alpha","PG-B","PG",1284744.94704979,3107255.46153846,0.41346614816591
"254","GVVDSEDLPLNISR y7","GVVDSEDLPLNISR","HSP90-alpha","PG-E","PG",939441.509830065,2009597.17857143,0.467477522285282
"255","GVVDSEDLPLNISR y7","GVVDSEDLPLNISR","HSP90-alpha","WB-B","WB",904083.688260259,1829033.5,0.494295860770324
"256","GVVDSEDLPLNISR y7","GVVDSEDLPLNISR","HSP90-alpha","WB-E","WB",928143.141992379,1911871.9375,0.485463029080303
"257","IITRPFNVNGLLAYDSR y4","IITRPFNVNGLLAYDSR","Cytochrome","CI-B","CI",27361.4782240695,43922.1428571429,0.622954082934043
"258","IITRPFNVNGLLAYDSR y4","IITRPFNVNGLLAYDSR","Cytochrome","CI-E","CI",47426.0827551356,76444.1818181818,0.620401469766998
"259","IITRPFNVNGLLAYDSR y4","IITRPFNVNGLLAYDSR","Cytochrome","FB-B","FB",20907.282507864,64538.8181818182,0.323948951915484
"260","IITRPFNVNGLLAYDSR y4","IITRPFNVNGLLAYDSR","Cytochrome","FB-E","FB",27249.4287520608,77451.8181818182,0.3518242617377
"261","IITRPFNVNGLLAYDSR y4","IITRPFNVNGLLAYDSR","Cytochrome","PG-B","PG",12419.7304690189,72949.1153846154,0.170251968149818
"262","IITRPFNVNGLLAYDSR y4","IITRPFNVNGLLAYDSR","Cytochrome","PG-E","PG",36153.1340133588,68804.6363636364,0.525446189734765
"263","IITRPFNVNGLLAYDSR y4","IITRPFNVNGLLAYDSR","Cytochrome","WB-B","WB",26411.9856804318,56987.9166666667,0.463466419292367
"264","IITRPFNVNGLLAYDSR y4","IITRPFNVNGLLAYDSR","Cytochrome","WB-E","WB",20965.0431360025,56396.375,0.371744516132508
"265","IITRPFNVNGLLAYDSR y5","IITRPFNVNGLLAYDSR","Cytochrome","CI-B","CI",117139.618099741,176629.714285714,0.663193158486669
"266","IITRPFNVNGLLAYDSR y5","IITRPFNVNGLLAYDSR","Cytochrome","CI-E","CI",218384.259505464,334091,0.653666993440303
"267","IITRPFNVNGLLAYDSR y5","IITRPFNVNGLLAYDSR","Cytochrome","FB-B","FB",91043.6969963025,265983.636363636,0.342290594417745
"268","IITRPFNVNGLLAYDSR y5","IITRPFNVNGLLAYDSR","Cytochrome","FB-E","FB",118983.10050979,306125.954545455,0.388673677429474
"269","IITRPFNVNGLLAYDSR y5","IITRPFNVNGLLAYDSR","Cytochrome","PG-B","PG",66394.5154747846,286573.884615385,0.231683761288625
"270","IITRPFNVNGLLAYDSR y5","IITRPFNVNGLLAYDSR","Cytochrome","PG-E","PG",152710.955919382,268371.857142857,0.569027458933938
"271","IITRPFNVNGLLAYDSR y5","IITRPFNVNGLLAYDSR","Cytochrome","WB-B","WB",115505.971478718,233772.833333333,0.494094928960457
"272","IITRPFNVNGLLAYDSR y5","IITRPFNVNGLLAYDSR","Cytochrome","WB-E","WB",93541.6653703137,235851.59375,0.396612394612295
"273","IITRPFNVNGLLAYDSR y6","IITRPFNVNGLLAYDSR","Cytochrome","CI-B","CI",124518.257105199,181927.642857143,0.684438357743007
"274","IITRPFNVNGLLAYDSR y6","IITRPFNVNGLLAYDSR","Cytochrome","CI-E","CI",232300.321150096,357334.363636364,0.650092307904911
"275","IITRPFNVNGLLAYDSR y6","IITRPFNVNGLLAYDSR","Cytochrome","FB-B","FB",90893.6046723911,270719.909090909,0.335747765938664
"276","IITRPFNVNGLLAYDSR y6","IITRPFNVNGLLAYDSR","Cytochrome","FB-E","FB",132520.467830839,320461.136363636,0.413530543312012
"277","IITRPFNVNGLLAYDSR y6","IITRPFNVNGLLAYDSR","Cytochrome","PG-B","PG",64101.6475719798,301926.269230769,0.212308944615168
"278","IITRPFNVNGLLAYDSR y6","IITRPFNVNGLLAYDSR","Cytochrome","PG-E","PG",158970.829205032,273818.928571429,0.580569174068487
"279","IITRPFNVNGLLAYDSR y6","IITRPFNVNGLLAYDSR","Cytochrome","WB-B","WB",124523.458437922,248751.25,0.500594302291635
"280","IITRPFNVNGLLAYDSR y6","IITRPFNVNGLLAYDSR","Cytochrome","WB-E","WB",101676.035175271,245354.40625,0.414404765454545
"281","LLDQVWPDLR y4","LLDQVWPDLR","Sodium/potassium-transporting","CI-B","CI",65924.3495246149,112010.5,0.588555086573267
"282","LLDQVWPDLR y4","LLDQVWPDLR","Sodium/potassium-transporting","CI-E","CI",85421.4362688508,163149,0.523579281937681
"283","LLDQVWPDLR y4","LLDQVWPDLR","Sodium/potassium-transporting","FB-B","FB",37005.3371275378,159611.045454545,0.231846969125181
"284","LLDQVWPDLR y4","LLDQVWPDLR","Sodium/potassium-transporting","FB-E","FB",43882.5067910168,146391.318181818,0.299761675323633
"285","LLDQVWPDLR y4","LLDQVWPDLR","Sodium/potassium-transporting","PG-B","PG",43843.681283624,138687.5,0.316132897944112
"286","LLDQVWPDLR y4","LLDQVWPDLR","Sodium/potassium-transporting","PG-E","PG",59068.0681224462,118558,0.498220854960831
"287","LLDQVWPDLR y4","LLDQVWPDLR","Sodium/potassium-transporting","WB-B","WB",54628.7233286222,123714.833333333,0.441569712028244
"288","LLDQVWPDLR y4","LLDQVWPDLR","Sodium/potassium-transporting","WB-E","WB",47821.2101019001,137206.28125,0.348535137504137
"289","LLDQVWPDLR y5","LLDQVWPDLR","Sodium/potassium-transporting","CI-B","CI",157812.914560625,263396.642857143,0.599145504850709
"290","LLDQVWPDLR y5","LLDQVWPDLR","Sodium/potassium-transporting","CI-E","CI",216540.184490666,402719.727272727,0.537694505201186
"291","LLDQVWPDLR y5","LLDQVWPDLR","Sodium/potassium-transporting","FB-B","FB",94354.6625025398,403261.272727273,0.233978983065781
"292","LLDQVWPDLR y5","LLDQVWPDLR","Sodium/potassium-transporting","FB-E","FB",117084.564367772,374632.590909091,0.312531710291548
"293","LLDQVWPDLR y5","LLDQVWPDLR","Sodium/potassium-transporting","PG-B","PG",117199.362252042,351216.076923077,0.333695892508105
"294","LLDQVWPDLR y5","LLDQVWPDLR","Sodium/potassium-transporting","PG-E","PG",154174.754960219,288188.535714286,0.534978792886716
"295","LLDQVWPDLR y5","LLDQVWPDLR","Sodium/potassium-transporting","WB-B","WB",135457.671936745,309670.75,0.437424819543805
"296","LLDQVWPDLR y5","LLDQVWPDLR","Sodium/potassium-transporting","WB-E","WB",129146.723734184,338023.0625,0.38206482947945
"297","LLDQVWPDLR y6","LLDQVWPDLR","Sodium/potassium-transporting","CI-B","CI",64417.8840933487,103756,0.620859363249823
"298","LLDQVWPDLR y6","LLDQVWPDLR","Sodium/potassium-transporting","CI-E","CI",86247.6331245728,157378.090909091,0.548028207905976
"299","LLDQVWPDLR y6","LLDQVWPDLR","Sodium/potassium-transporting","FB-B","FB",34290.0611416778,154184,0.222397013579086
"300","LLDQVWPDLR y6","LLDQVWPDLR","Sodium/potassium-transporting","FB-E","FB",46694.6449773808,142999.681818182,0.326536705422542
"301","LLDQVWPDLR y6","LLDQVWPDLR","Sodium/potassium-transporting","PG-B","PG",48089.5401579779,137469.807692308,0.349818923625866
"302","LLDQVWPDLR y6","LLDQVWPDLR","Sodium/potassium-transporting","PG-E","PG",56759.5638646261,114159.5,0.497195273846032
"303","LLDQVWPDLR y6","LLDQVWPDLR","Sodium/potassium-transporting","WB-B","WB",55270.4307092669,119541.333333333,0.462354142856588
"304","LLDQVWPDLR y6","LLDQVWPDLR","Sodium/potassium-transporting","WB-E","WB",49979.7272345526,134070.1875,0.372787777555339
"305","LNSGSVGVYR y4","LNSGSVGVYR","Puromycin-sensitive","CI-B","CI",229539.585319369,321486.636363636,0.71399417380365
"306","LNSGSVGVYR y4","LNSGSVGVYR","Puromycin-sensitive","CI-E","CI",256714.460396495,478039.181818182,0.537015521238454
"307","LNSGSVGVYR y4","LNSGSVGVYR","Puromycin-sensitive","FB-B","FB",276982.832284192,642138.954545455,0.431344073309269
"308","LNSGSVGVYR y4","LNSGSVGVYR","Puromycin-sensitive","FB-E","FB",295511.801068402,686585.409090909,0.430407924717891
"309","LNSGSVGVYR y4","LNSGSVGVYR","Puromycin-sensitive","PG-B","PG",282985.917754861,688667.038461538,0.410918342174533
"310","LNSGSVGVYR y4","LNSGSVGVYR","Puromycin-sensitive","PG-E","PG",248869.976752731,464829.571428571,0.535400482348558
"311","LNSGSVGVYR y4","LNSGSVGVYR","Puromycin-sensitive","WB-B","WB",179303.21754348,394961.5,0.453976444649617
"312","LNSGSVGVYR y4","LNSGSVGVYR","Puromycin-sensitive","WB-E","WB",131927.679568226,504015.884615385,0.261753019290056
"313","LNSGSVGVYR y5","LNSGSVGVYR","Puromycin-sensitive","CI-B","CI",166175.378232748,230184.181818182,0.721923534971691
"314","LNSGSVGVYR y5","LNSGSVGVYR","Puromycin-sensitive","CI-E","CI",189337.300142513,344576.545454545,0.549478200533789
"315","LNSGSVGVYR y5","LNSGSVGVYR","Puromycin-sensitive","FB-B","FB",199616.699417044,466849.136363636,0.427582882495812
"316","LNSGSVGVYR y5","LNSGSVGVYR","Puromycin-sensitive","FB-E","FB",211048.919404462,497748.409090909,0.424007220414672
"317","LNSGSVGVYR y5","LNSGSVGVYR","Puromycin-sensitive","PG-B","PG",204844.169852104,493619.692307692,0.414983788216488
"318","LNSGSVGVYR y5","LNSGSVGVYR","Puromycin-sensitive","PG-E","PG",172758.783031264,328692.428571429,0.525594044809953
"319","LNSGSVGVYR y5","LNSGSVGVYR","Puromycin-sensitive","WB-B","WB",129174.765449758,288806,0.447271751451694
"320","LNSGSVGVYR y5","LNSGSVGVYR","Puromycin-sensitive","WB-E","WB",94192.2724533339,368287.884615385,0.255757184496313
"321","LNSGSVGVYR y7","LNSGSVGVYR","Puromycin-sensitive","CI-B","CI",234801.244294203,332672.545454545,0.705802890867906
"322","LNSGSVGVYR y7","LNSGSVGVYR","Puromycin-sensitive","CI-E","CI",268024.102178401,496595.363636364,0.53972332769233
"323","LNSGSVGVYR y7","LNSGSVGVYR","Puromycin-sensitive","FB-B","FB",261640.207652252,661817.318181818,0.395335994487187
"324","LNSGSVGVYR y7","LNSGSVGVYR","Puromycin-sensitive","FB-E","FB",297240.306660101,724682.090909091,0.410166485951409
"325","LNSGSVGVYR y7","LNSGSVGVYR","Puromycin-sensitive","PG-B","PG",289251.812253653,708049.692307692,0.408519084742367
"326","LNSGSVGVYR y7","LNSGSVGVYR","Puromycin-sensitive","PG-E","PG",239259.326419511,481252,0.497160170595677
"327","LNSGSVGVYR y7","LNSGSVGVYR","Puromycin-sensitive","WB-B","WB",181555.235862074,408515.6,0.444426689854865
"328","LNSGSVGVYR y7","LNSGSVGVYR","Puromycin-sensitive","WB-E","WB",128973.162925048,533041.846153846,0.241956919246869
"329","LTANIAGHLIGAQEFIQK y3","LTANIAGHLIGAQEFIQK","Catalase","CI-B","CI",55177.3778913865,89176.0714285714,0.618746453027847
"330","LTANIAGHLIGAQEFIQK y3","LTANIAGHLIGAQEFIQK","Catalase","CI-E","CI",46827.6099081902,109336.818181818,0.428287659060279
"331","LTANIAGHLIGAQEFIQK y3","LTANIAGHLIGAQEFIQK","Catalase","FB-B","FB",34905.2809013843,105883.636363636,0.329656990448544
"332","LTANIAGHLIGAQEFIQK y3","LTANIAGHLIGAQEFIQK","Catalase","FB-E","FB",26272.7868709846,92064.2727272727,0.285374403041384
"333","LTANIAGHLIGAQEFIQK y3","LTANIAGHLIGAQEFIQK","Catalase","PG-B","PG",35945.7121301229,98649,0.364379893664639
"334","LTANIAGHLIGAQEFIQK y3","LTANIAGHLIGAQEFIQK","Catalase","PG-E","PG",49140.8415060038,83385.2727272727,0.589322789249945
"335","LTANIAGHLIGAQEFIQK y3","LTANIAGHLIGAQEFIQK","Catalase","WB-B","WB",26562.5532846524,70969,0.374283888523897
"336","LTANIAGHLIGAQEFIQK y3","LTANIAGHLIGAQEFIQK","Catalase","WB-E","WB",31752.7415751818,72034.9375,0.440796406260251
"337","LTANIAGHLIGAQEFIQK y8","LTANIAGHLIGAQEFIQK","Catalase","CI-B","CI",89282.0226599962,143056.642857143,0.624102599339995
"338","LTANIAGHLIGAQEFIQK y8","LTANIAGHLIGAQEFIQK","Catalase","CI-E","CI",65594.9402971245,175929,0.372848935065422
"339","LTANIAGHLIGAQEFIQK y8","LTANIAGHLIGAQEFIQK","Catalase","FB-B","FB",56353.5922094106,168686.136363636,0.334073643656935
"340","LTANIAGHLIGAQEFIQK y8","LTANIAGHLIGAQEFIQK","Catalase","FB-E","FB",42266.5775127453,142772.909090909,0.296040598891436
"341","LTANIAGHLIGAQEFIQK y8","LTANIAGHLIGAQEFIQK","Catalase","PG-B","PG",53723.7159748899,161209.230769231,0.333254589197779
"342","LTANIAGHLIGAQEFIQK y8","LTANIAGHLIGAQEFIQK","Catalase","PG-E","PG",69582.7958109352,130056.071428571,0.535021510696262
"343","LTANIAGHLIGAQEFIQK y8","LTANIAGHLIGAQEFIQK","Catalase","WB-B","WB",43325.6733693672,123605.5,0.350515740556587
"344","LTANIAGHLIGAQEFIQK y8","LTANIAGHLIGAQEFIQK","Catalase","WB-E","WB",44129.0987118257,117445.5625,0.375740877496548
"345","LTANIAGHLIGAQEFIQK y9","LTANIAGHLIGAQEFIQK","Catalase","CI-B","CI",69586.5578296466,112425.714285714,0.618955888088041
"346","LTANIAGHLIGAQEFIQK y9","LTANIAGHLIGAQEFIQK","Catalase","CI-E","CI",54475.8908044734,133073.909090909,0.409365676387085
"347","LTANIAGHLIGAQEFIQK y9","LTANIAGHLIGAQEFIQK","Catalase","FB-B","FB",43274.4399162852,132831.227272727,0.32578513956989
"348","LTANIAGHLIGAQEFIQK y9","LTANIAGHLIGAQEFIQK","Catalase","FB-E","FB",32823.9945969408,113954,0.288046006256391
"349","LTANIAGHLIGAQEFIQK y9","LTANIAGHLIGAQEFIQK","Catalase","PG-B","PG",40696.5416046244,123668.923076923,0.329076542368779
"350","LTANIAGHLIGAQEFIQK y9","LTANIAGHLIGAQEFIQK","Catalase","PG-E","PG",60776.8667400133,109435,0.555369550326799
"351","LTANIAGHLIGAQEFIQK y9","LTANIAGHLIGAQEFIQK","Catalase","WB-B","WB",36360.7569037505,96489.25,0.376837387623496
"352","LTANIAGHLIGAQEFIQK y9","LTANIAGHLIGAQEFIQK","Catalase","WB-E","WB",34902.0732959455,92878.5,0.375782051776736
"353","LYSYSDTHR y3","LYSYSDTHR","Catalase","CI-B","CI",24940.4954843432,49154.3636363636,0.507391280026513
"354","LYSYSDTHR y3","LYSYSDTHR","Catalase","CI-E","CI",44415.4534687858,84253.3636363636,0.527165344525381
"355","LYSYSDTHR y3","LYSYSDTHR","Catalase","FB-B","FB",42231.7409209505,68371.25,0.617682738299366
"356","LYSYSDTHR y3","LYSYSDTHR","Catalase","FB-E","FB",30912.7388132708,68508.1666666667,0.451227062660717
"357","LYSYSDTHR y3","LYSYSDTHR","Catalase","PG-B","PG",35412.9689969336,60249.2,0.587774924761384
"358","LYSYSDTHR y3","LYSYSDTHR","Catalase","PG-E","PG",44879.2109166371,66472.3333333333,0.675156244201404
"359","LYSYSDTHR y3","LYSYSDTHR","Catalase","WB-B","WB",24394.7328508977,38939.3333333333,0.626480495751451
"360","LYSYSDTHR y3","LYSYSDTHR","Catalase","WB-E","WB",19263.8837111795,52841.53125,0.364559528376262
"361","LYSYSDTHR y5","LYSYSDTHR","Catalase","CI-B","CI",44062.5340460861,73866,0.596519833835407
"362","LYSYSDTHR y5","LYSYSDTHR","Catalase","CI-E","CI",82684.8636156637,156212.909090909,0.529308775419736
"363","LYSYSDTHR y5","LYSYSDTHR","Catalase","FB-B","FB",81751.1446302567,129847.75,0.629592308147478
"364","LYSYSDTHR y5","LYSYSDTHR","Catalase","FB-E","FB",58698.4712830597,103392.227272727,0.567726151485501
"365","LYSYSDTHR y5","LYSYSDTHR","Catalase","PG-B","PG",64228.9777682594,103036.9,0.623358988559044
"366","LYSYSDTHR y5","LYSYSDTHR","Catalase","PG-E","PG",82375.690124197,107939.285714286,0.763166900531885
"367","LYSYSDTHR y5","LYSYSDTHR","Catalase","WB-B","WB",56321.9746766938,94602.125,0.595356337679453
"368","LYSYSDTHR y5","LYSYSDTHR","Catalase","WB-E","WB",34028.0843049215,96752.40625,0.351702718555607
"369","LYSYSDTHR y6","LYSYSDTHR","Catalase","CI-B","CI",34971.2280639186,68364.3888888889,0.511541588132333
"370","LYSYSDTHR y6","LYSYSDTHR","Catalase","CI-E","CI",76737.4617067238,144604.909090909,0.530669824345183
"371","LYSYSDTHR y6","LYSYSDTHR","Catalase","FB-B","FB",71156.8225384457,116704.375,0.609718552011831
"372","LYSYSDTHR y6","LYSYSDTHR","Catalase","FB-E","FB",52312.7309357344,93073.3636363636,0.56205909931567
"373","LYSYSDTHR y6","LYSYSDTHR","Catalase","PG-B","PG",53442.1447409356,92946.2,0.574979340101431
"374","LYSYSDTHR y6","LYSYSDTHR","Catalase","PG-E","PG",62885.3421586389,110272.166666667,0.570273932757032
"375","LYSYSDTHR y6","LYSYSDTHR","Catalase","WB-B","WB",45483.1746269195,84894.5,0.535761146209937
"376","LYSYSDTHR y6","LYSYSDTHR","Catalase","WB-E","WB",32604.0876245474,97187.6875,0.335475495541011
"377","MDSTANEVEDVK y5","MDSTANEVEDVK","PDI","CI-B","CI",177925.211550532,258947.727272727,0.687108604599331
"378","MDSTANEVEDVK y5","MDSTANEVEDVK","PDI","CI-E","CI",192116.258228772,409564.909090909,0.469074019683969
"379","MDSTANEVEDVK y5","MDSTANEVEDVK","PDI","FB-B","FB",266135.224556555,584860.625,0.455040420196786
"380","MDSTANEVEDVK y5","MDSTANEVEDVK","PDI","FB-E","FB",182537.825025365,541158.090909091,0.337309610799166
"381","MDSTANEVEDVK y5","MDSTANEVEDVK","PDI","PG-B","PG",239903.85779224,577095.346153846,0.415709222732642
"382","MDSTANEVEDVK y5","MDSTANEVEDVK","PDI","PG-E","PG",303874.666134125,428622.821428571,0.708955872021305
"383","MDSTANEVEDVK y5","MDSTANEVEDVK","PDI","WB-B","WB",142926.029635768,305473.5,0.467883563175752
"384","MDSTANEVEDVK y5","MDSTANEVEDVK","PDI","WB-E","WB",135664.557761431,372484.576923077,0.364215235116829
"385","MDSTANEVEDVK y7","MDSTANEVEDVK","PDI","CI-B","CI",446245.67772731,646913.454545455,0.689807383958119
"386","MDSTANEVEDVK y7","MDSTANEVEDVK","PDI","CI-E","CI",475105.375076381,1027459.27272727,0.462407988022015
"387","MDSTANEVEDVK y7","MDSTANEVEDVK","PDI","FB-B","FB",655627.218358824,1464261.75,0.447752745271686
"388","MDSTANEVEDVK y7","MDSTANEVEDVK","PDI","FB-E","FB",456569.327282685,1341845.81818182,0.34025468581877
"389","MDSTANEVEDVK y7","MDSTANEVEDVK","PDI","PG-B","PG",589880.146661303,1434984.07692308,0.411070865626702
"390","MDSTANEVEDVK y7","MDSTANEVEDVK","PDI","PG-E","PG",767931.158332525,1060025.67857143,0.724445807168981
"391","MDSTANEVEDVK y7","MDSTANEVEDVK","PDI","WB-B","WB",415833.682411782,781132,0.53234751925639
"392","MDSTANEVEDVK y7","MDSTANEVEDVK","PDI","WB-E","WB",329855.300336282,935694.692307692,0.352524496556419
"393","MDSTANEVEDVK y8","MDSTANEVEDVK","PDI","CI-B","CI",477171.764182079,698078.363636364,0.683550427915344
"394","MDSTANEVEDVK y8","MDSTANEVEDVK","PDI","CI-E","CI",518758.744570656,1096940.45454545,0.472914224670123
"395","MDSTANEVEDVK y8","MDSTANEVEDVK","PDI","FB-B","FB",638497.169399923,1518954,0.420353196607615
"396","MDSTANEVEDVK y8","MDSTANEVEDVK","PDI","FB-E","FB",457389.449461745,1427310.72727273,0.320455413612504
"397","MDSTANEVEDVK y8","MDSTANEVEDVK","PDI","PG-B","PG",606425.553574991,1510001.76923077,0.401605856318909
"398","MDSTANEVEDVK y8","MDSTANEVEDVK","PDI","PG-E","PG",807146.783001969,1141688.46428571,0.706976384759175
"399","MDSTANEVEDVK y8","MDSTANEVEDVK","PDI","WB-B","WB",386034.619085099,836400.3,0.461542898878802
"400","MDSTANEVEDVK y8","MDSTANEVEDVK","PDI","WB-E","WB",336571.81668096,992538.961538462,0.339101868766205
"401","MDVEGTLPEDLK y5","MDVEGTLPEDLK","Arachidonate","CI-B","CI",548991.575544559,624862,0.878580511448222
"402","MDVEGTLPEDLK y5","MDVEGTLPEDLK","Arachidonate","CI-E","CI",588915.777724866,1067280,0.551791261641618
"403","MDVEGTLPEDLK y5","MDVEGTLPEDLK","Arachidonate","FB-B","FB",675175.218196062,1479700,0.456291963368292
"404","MDVEGTLPEDLK y5","MDVEGTLPEDLK","Arachidonate","FB-E","FB",357719.83674144,1178340.54545455,0.303579332919797
"405","MDVEGTLPEDLK y5","MDVEGTLPEDLK","Arachidonate","PG-B","PG",676392.090012313,1263870.15384615,0.5351753010022
"406","MDVEGTLPEDLK y5","MDVEGTLPEDLK","Arachidonate","PG-E","PG",647841.539299528,880456.428571429,0.735801929858895
"407","MDVEGTLPEDLK y5","MDVEGTLPEDLK","Arachidonate","WB-B","WB",672423.968637865,1233756.16666667,0.545021769134986
"408","MDVEGTLPEDLK y5","MDVEGTLPEDLK","Arachidonate","WB-E","WB",749239.264804061,1178644.8125,0.635678583452859
"409","MDVEGTLPEDLK y8","MDVEGTLPEDLK","Arachidonate","CI-B","CI",635132.982757338,734818.714285714,0.864339694144457
"410","MDVEGTLPEDLK y8","MDVEGTLPEDLK","Arachidonate","CI-E","CI",692642.620834547,1249053,0.554534211786487
"411","MDVEGTLPEDLK y8","MDVEGTLPEDLK","Arachidonate","FB-B","FB",823787.769303685,1767239.59090909,0.4661437948433
"412","MDVEGTLPEDLK y8","MDVEGTLPEDLK","Arachidonate","FB-E","FB",459860.088864162,1420034.63636364,0.323837234028144
"413","MDVEGTLPEDLK y8","MDVEGTLPEDLK","Arachidonate","PG-B","PG",770463.404266402,1485442.69230769,0.518675953139234
"414","MDVEGTLPEDLK y8","MDVEGTLPEDLK","Arachidonate","PG-E","PG",752838.039486763,1051660.85714286,0.715856289956504
"415","MDVEGTLPEDLK y8","MDVEGTLPEDLK","Arachidonate","WB-B","WB",808361.326622382,1481623.33333333,0.545591655069135
"416","MDVEGTLPEDLK y8","MDVEGTLPEDLK","Arachidonate","WB-E","WB",878776.089552762,1396196.28125,0.629407269847476
"417","MDVEGTLPEDLK y9","MDVEGTLPEDLK","Arachidonate","CI-B","CI",406148.019563228,472568.142857143,0.859448580489705
"418","MDVEGTLPEDLK y9","MDVEGTLPEDLK","Arachidonate","CI-E","CI",408012.75745411,770494.545454546,0.529546587787207
"419","MDVEGTLPEDLK y9","MDVEGTLPEDLK","Arachidonate","FB-B","FB",468282.979365697,1079996.31818182,0.433596829435544
"420","MDVEGTLPEDLK y9","MDVEGTLPEDLK","Arachidonate","FB-E","FB",255047.871651329,873510.045454545,0.29198046774449
"421","MDVEGTLPEDLK y9","MDVEGTLPEDLK","Arachidonate","PG-B","PG",467902.406603729,919720.038461538,0.508744386374806
"422","MDVEGTLPEDLK y9","MDVEGTLPEDLK","Arachidonate","PG-E","PG",456482.098369574,650258.035714286,0.702001472181954
"423","MDVEGTLPEDLK y9","MDVEGTLPEDLK","Arachidonate","WB-B","WB",490530.866380565,911047.25,0.538425275286837
"424","MDVEGTLPEDLK y9","MDVEGTLPEDLK","Arachidonate","WB-E","WB",521101.425087196,857913.8125,0.607405333140264
"425","NAVVTVPAYFNDAQR y11","NAVVTVPAYFNDAQR","HSP70","CI-B","CI",112746.380239143,199749.857142857,0.564437851680207
"426","NAVVTVPAYFNDAQR y11","NAVVTVPAYFNDAQR","HSP70","CI-E","CI",186503.94650705,294037.636363636,0.634285966971931
"427","NAVVTVPAYFNDAQR y11","NAVVTVPAYFNDAQR","HSP70","FB-B","FB",109481.844281618,523768.863636364,0.209027019134968
"428","NAVVTVPAYFNDAQR y11","NAVVTVPAYFNDAQR","HSP70","FB-E","FB",169163.002397553,511681.636363636,0.330602058732735
"429","NAVVTVPAYFNDAQR y11","NAVVTVPAYFNDAQR","HSP70","PG-B","PG",166526.595599352,457235.576923077,0.364203058563328
"430","NAVVTVPAYFNDAQR y11","NAVVTVPAYFNDAQR","HSP70","PG-E","PG",161632.112740444,348513.642857143,0.463775568196903
"431","NAVVTVPAYFNDAQR y11","NAVVTVPAYFNDAQR","HSP70","WB-B","WB",131161.986719291,284401.333333333,0.461186258102252
"432","NAVVTVPAYFNDAQR y11","NAVVTVPAYFNDAQR","HSP70","WB-E","WB",97960.4013978157,253509.28125,0.386417416020408
"433","NAVVTVPAYFNDAQR y12","NAVVTVPAYFNDAQR","HSP70","CI-B","CI",67147.8937890933,107903.857142857,0.622293730428878
"434","NAVVTVPAYFNDAQR y12","NAVVTVPAYFNDAQR","HSP70","CI-E","CI",83664.0201822236,143250.272727273,0.584040913775483
"435","NAVVTVPAYFNDAQR y12","NAVVTVPAYFNDAQR","HSP70","FB-B","FB",42670.8592122731,257146.181818182,0.165940084781986
"436","NAVVTVPAYFNDAQR y12","NAVVTVPAYFNDAQR","HSP70","FB-E","FB",79490.3589853683,245140.454545455,0.324264549206133
"437","NAVVTVPAYFNDAQR y12","NAVVTVPAYFNDAQR","HSP70","PG-B","PG",90822.4704423062,229913.076923077,0.395029598393366
"438","NAVVTVPAYFNDAQR y12","NAVVTVPAYFNDAQR","HSP70","PG-E","PG",72724.7846550673,170495.821428571,0.426548780173684
"439","NAVVTVPAYFNDAQR y12","NAVVTVPAYFNDAQR","HSP70","WB-B","WB",65079.2155694027,143738.416666667,0.452761461261419
"440","NAVVTVPAYFNDAQR y12","NAVVTVPAYFNDAQR","HSP70","WB-E","WB",47826.7435770482,118627.1875,0.403168485951403
"441","NAVVTVPAYFNDAQR y9","NAVVTVPAYFNDAQR","HSP70","CI-B","CI",968121.259043899,1701932,0.568836627458617
"442","NAVVTVPAYFNDAQR y9","NAVVTVPAYFNDAQR","HSP70","CI-E","CI",1552882.73998526,2543060.72727273,0.610635335338856
"443","NAVVTVPAYFNDAQR y9","NAVVTVPAYFNDAQR","HSP70","FB-B","FB",950645.280340342,4476093.22727273,0.212382815118346
"444","NAVVTVPAYFNDAQR y9","NAVVTVPAYFNDAQR","HSP70","FB-E","FB",1446353.90932009,4452740.72727273,0.324823293766304
"445","NAVVTVPAYFNDAQR y9","NAVVTVPAYFNDAQR","HSP70","PG-B","PG",1392291.29446819,3964366.30769231,0.351201474941061
"446","NAVVTVPAYFNDAQR y9","NAVVTVPAYFNDAQR","HSP70","PG-E","PG",1307119.53839225,2996253.85714286,0.436251265985414
"447","NAVVTVPAYFNDAQR y9","NAVVTVPAYFNDAQR","HSP70","WB-B","WB",1106422.44803722,2510886.58333333,0.440650109559463
"448","NAVVTVPAYFNDAQR y9","NAVVTVPAYFNDAQR","HSP70","WB-E","WB",805648.311288982,2233369.75,0.360732167742928
"449","QSLLPFGATGPR y11","QSLLPFGATGPR","Cytochrome","CI-B","CI",34112.1405667511,42025.4285714286,0.811702384159447
"450","QSLLPFGATGPR y11","QSLLPFGATGPR","Cytochrome","CI-E","CI",42764.6857857528,111262.333333333,0.384359059391943
"451","QSLLPFGATGPR y11","QSLLPFGATGPR","Cytochrome","FB-B","FB",30009.7082393954,71246.1818181818,0.421211459667822
"452","QSLLPFGATGPR y11","QSLLPFGATGPR","Cytochrome","FB-E","FB",34144.736473843,69830.2727272727,0.488967537148219
"453","QSLLPFGATGPR y11","QSLLPFGATGPR","Cytochrome","PG-B","PG",18448.5149765433,65152.1153846154,0.283160644403261
"454","QSLLPFGATGPR y11","QSLLPFGATGPR","Cytochrome","PG-E","PG",43108.564224525,72088.6666666667,0.597993640579541
"455","QSLLPFGATGPR y11","QSLLPFGATGPR","Cytochrome","WB-B","WB",38647.6619005313,70673.1,0.546851091865664
"456","QSLLPFGATGPR y11","QSLLPFGATGPR","Cytochrome","WB-E","WB",26748.5321330196,58590.96875,0.456529951691908
"457","QSLLPFGATGPR y6","QSLLPFGATGPR","Cytochrome","CI-B","CI",34112.1405667511,42025.4285714286,0.811702384159447
"458","QSLLPFGATGPR y6","QSLLPFGATGPR","Cytochrome","CI-E","CI",42764.6857857528,111262.333333333,0.384359059391943
"459","QSLLPFGATGPR y6","QSLLPFGATGPR","Cytochrome","FB-B","FB",30009.7082393954,71246.1818181818,0.421211459667822
"460","QSLLPFGATGPR y6","QSLLPFGATGPR","Cytochrome","FB-E","FB",34144.736473843,69830.2727272727,0.488967537148219
"461","QSLLPFGATGPR y6","QSLLPFGATGPR","Cytochrome","PG-B","PG",18448.5149765433,65152.1153846154,0.283160644403261
"462","QSLLPFGATGPR y6","QSLLPFGATGPR","Cytochrome","PG-E","PG",43108.564224525,72088.6666666667,0.597993640579541
"463","QSLLPFGATGPR y6","QSLLPFGATGPR","Cytochrome","WB-B","WB",38647.6619005313,70673.1,0.546851091865664
"464","QSLLPFGATGPR y6","QSLLPFGATGPR","Cytochrome","WB-E","WB",26748.5321330196,58590.96875,0.456529951691908
"465","QSLLPFGATGPR y7","QSLLPFGATGPR","Cytochrome","CI-B","CI",33540.1255385946,41008.6428571429,0.817879432280521
"466","QSLLPFGATGPR y7","QSLLPFGATGPR","Cytochrome","CI-E","CI",61376.4211421963,97331.9090909091,0.63058889644166
"467","QSLLPFGATGPR y7","QSLLPFGATGPR","Cytochrome","FB-B","FB",30310.0431260003,71170.5,0.425879305695482
"468","QSLLPFGATGPR y7","QSLLPFGATGPR","Cytochrome","FB-E","FB",32441.0608913233,72705.3636363636,0.446199004705863
"469","QSLLPFGATGPR y7","QSLLPFGATGPR","Cytochrome","PG-B","PG",22535.6592001062,67831,0.332232448292171
"470","QSLLPFGATGPR y7","QSLLPFGATGPR","Cytochrome","PG-E","PG",38942.1303529752,62179.4642857143,0.626286038329895
"471","QSLLPFGATGPR y7","QSLLPFGATGPR","Cytochrome","WB-B","WB",42785.7511569759,67290.3,0.635838317810679
"472","QSLLPFGATGPR y7","QSLLPFGATGPR","Cytochrome","WB-E","WB",30527.3989345136,57602.6875,0.529964837743267
"473","QSLLPFGATGPR y8","QSLLPFGATGPR","Cytochrome","CI-B","CI",763104.703271505,909291.785714286,0.839229733799976
"474","QSLLPFGATGPR y8","QSLLPFGATGPR","Cytochrome","CI-E","CI",1229724.83797694,2117724.72727273,0.580682098168922
"475","QSLLPFGATGPR y8","QSLLPFGATGPR","Cytochrome","FB-B","FB",594267.910875508,1522776.90909091,0.390252772633835
"476","QSLLPFGATGPR y8","QSLLPFGATGPR","Cytochrome","FB-E","FB",768287.540972072,1582234.31818182,0.485571278630165
"477","QSLLPFGATGPR y8","QSLLPFGATGPR","Cytochrome","PG-B","PG",465941.813666173,1481469.80769231,0.314513202528219
"478","QSLLPFGATGPR y8","QSLLPFGATGPR","Cytochrome","PG-E","PG",919369.212147999,1525579,0.602636252955763
"479","QSLLPFGATGPR y8","QSLLPFGATGPR","Cytochrome","WB-B","WB",916095.046316751,1337842,0.684755783057156
"480","QSLLPFGATGPR y8","QSLLPFGATGPR","Cytochrome","WB-E","WB",682597.194524246,1278533.46875,0.533890751558979
"481","SIQQSVENIR y4","SIQQSVENIR","Puromycin-sensitive","CI-B","CI",244440.894017351,328346.285714286,0.744460664403721
"482","SIQQSVENIR y4","SIQQSVENIR","Puromycin-sensitive","CI-E","CI",349808.852450984,550041.909090909,0.635967635682773
"483","SIQQSVENIR y4","SIQQSVENIR","Puromycin-sensitive","FB-B","FB",298976.142119902,662867,0.451034886515549
"484","SIQQSVENIR y4","SIQQSVENIR","Puromycin-sensitive","FB-E","FB",295331.080036057,657684.181818182,0.44904695627559
"485","SIQQSVENIR y4","SIQQSVENIR","Puromycin-sensitive","PG-B","PG",304146.240038644,639886.461538462,0.475312822383198
"486","SIQQSVENIR y4","SIQQSVENIR","Puromycin-sensitive","PG-E","PG",263640.667500355,448926.928571429,0.58726855245532
"487","SIQQSVENIR y4","SIQQSVENIR","Puromycin-sensitive","WB-B","WB",174691.880298375,372631,0.468806621827962
"488","SIQQSVENIR y4","SIQQSVENIR","Puromycin-sensitive","WB-E","WB",248926.24933139,450975.96875,0.551972314669794
"489","SIQQSVENIR y6","SIQQSVENIR","Puromycin-sensitive","CI-B","CI",452920.917868502,632161,0.716464504878507
"490","SIQQSVENIR y6","SIQQSVENIR","Puromycin-sensitive","CI-E","CI",674918.063553715,1104975.81818182,0.610798944599764
"491","SIQQSVENIR y6","SIQQSVENIR","Puromycin-sensitive","FB-B","FB",622474.229364039,1318619.36363636,0.472065136103749
"492","SIQQSVENIR y6","SIQQSVENIR","Puromycin-sensitive","FB-E","FB",597887.230579411,1306980.77272727,0.457456791297551
"493","SIQQSVENIR y6","SIQQSVENIR","Puromycin-sensitive","PG-B","PG",613522.544341378,1289166.07692308,0.475906522304485
"494","SIQQSVENIR y6","SIQQSVENIR","Puromycin-sensitive","PG-E","PG",512267.853940318,883132.642857143,0.580057659609332
"495","SIQQSVENIR y6","SIQQSVENIR","Puromycin-sensitive","WB-B","WB",359635.410867781,734762.916666667,0.489457759380818
"496","SIQQSVENIR y6","SIQQSVENIR","Puromycin-sensitive","WB-E","WB",484911.419652768,901717.8125,0.537764046501818
"497","SIQQSVENIR y7","SIQQSVENIR","Puromycin-sensitive","CI-B","CI",440027.914513884,617700.785714286,0.712364181316448
"498","SIQQSVENIR y7","SIQQSVENIR","Puromycin-sensitive","CI-E","CI",616392.851414019,1061961.63636364,0.580428548741806
"499","SIQQSVENIR y7","SIQQSVENIR","Puromycin-sensitive","FB-B","FB",534581.99708057,1246653.5,0.428813617481176
"500","SIQQSVENIR y7","SIQQSVENIR","Puromycin-sensitive","FB-E","FB",579898.163434013,1290137.90909091,0.449485407217152
"501","SIQQSVENIR y7","SIQQSVENIR","Puromycin-sensitive","PG-B","PG",559557.12985001,1244139.69230769,0.449754262571685
"502","SIQQSVENIR y7","SIQQSVENIR","Puromycin-sensitive","PG-E","PG",517980.915175361,884029.928571429,0.585931424304159
"503","SIQQSVENIR y7","SIQQSVENIR","Puromycin-sensitive","WB-B","WB",361334.797644589,743066.916666667,0.486274909486625
"504","SIQQSVENIR y7","SIQQSVENIR","Puromycin-sensitive","WB-E","WB",489530.984218517,911069.625,0.537314570462732
"505","SLTENFVTEEQAK y4","SLTENFVTEEQAK","Puromycin-sensitive","CI-B","CI",37345.6443051632,58429.1428571429,0.639161255479512
"506","SLTENFVTEEQAK y4","SLTENFVTEEQAK","Puromycin-sensitive","CI-E","CI",30773.2202223218,75467.7272727273,0.407766622030537
"507","SLTENFVTEEQAK y4","SLTENFVTEEQAK","Puromycin-sensitive","FB-B","FB",34437.9690103024,106110.863636364,0.324547061725173
"508","SLTENFVTEEQAK y4","SLTENFVTEEQAK","Puromycin-sensitive","FB-E","FB",31882.4450693481,108049,0.295073948572852
"509","SLTENFVTEEQAK y4","SLTENFVTEEQAK","Puromycin-sensitive","PG-B","PG",45222.5799630674,110046.153846154,0.410941940108959
"510","SLTENFVTEEQAK y4","SLTENFVTEEQAK","Puromycin-sensitive","PG-E","PG",34614.3194691352,80931.8571428571,0.42769708605643
"511","SLTENFVTEEQAK y4","SLTENFVTEEQAK","Puromycin-sensitive","WB-B","WB",24075.2504862831,66128.75,0.364066317392708
"512","SLTENFVTEEQAK y4","SLTENFVTEEQAK","Puromycin-sensitive","WB-E","WB",36515.5177795079,81355.875,0.448836888294888
"513","SLTENFVTEEQAK y6","SLTENFVTEEQAK","Puromycin-sensitive","CI-B","CI",187202.304171393,304700.785714286,0.61438077270641
"514","SLTENFVTEEQAK y6","SLTENFVTEEQAK","Puromycin-sensitive","CI-E","CI",178056.978773701,406258.272727273,0.438285176516844
"515","SLTENFVTEEQAK y6","SLTENFVTEEQAK","Puromycin-sensitive","FB-B","FB",175482.706274022,558226.636363636,0.314357457782989
"516","SLTENFVTEEQAK y6","SLTENFVTEEQAK","Puromycin-sensitive","FB-E","FB",188874.134046255,572229.545454545,0.330067078057329
"517","SLTENFVTEEQAK y6","SLTENFVTEEQAK","Puromycin-sensitive","PG-B","PG",216440.835523614,563620.923076923,0.38401845400277
"518","SLTENFVTEEQAK y6","SLTENFVTEEQAK","Puromycin-sensitive","PG-E","PG",181006.550757254,413211,0.438048722704028
"519","SLTENFVTEEQAK y6","SLTENFVTEEQAK","Puromycin-sensitive","WB-B","WB",136344.304758211,342752,0.397792878694249
"520","SLTENFVTEEQAK y6","SLTENFVTEEQAK","Puromycin-sensitive","WB-E","WB",179411.400811004,399800.75,0.448752036635759
"521","SLTENFVTEEQAK y7","SLTENFVTEEQAK","Puromycin-sensitive","CI-B","CI",182918.853006988,290211.571428571,0.630294829756672
"522","SLTENFVTEEQAK y7","SLTENFVTEEQAK","Puromycin-sensitive","CI-E","CI",159446.917390359,380942.363636364,0.418559164353172
"523","SLTENFVTEEQAK y7","SLTENFVTEEQAK","Puromycin-sensitive","FB-B","FB",161491.734727945,528431.590909091,0.305605753906805
"524","SLTENFVTEEQAK y7","SLTENFVTEEQAK","Puromycin-sensitive","FB-E","FB",181079.042048418,558331.045454545,0.324322001297633
"525","SLTENFVTEEQAK y7","SLTENFVTEEQAK","Puromycin-sensitive","PG-B","PG",206503.553325213,546179.307692308,0.378087471306305
"526","SLTENFVTEEQAK y7","SLTENFVTEEQAK","Puromycin-sensitive","PG-E","PG",175180.60490425,398442.357142857,0.439663609462689
"527","SLTENFVTEEQAK y7","SLTENFVTEEQAK","Puromycin-sensitive","WB-B","WB",133598.199177921,325297.583333333,0.41069533259035
"528","SLTENFVTEEQAK y7","SLTENFVTEEQAK","Puromycin-sensitive","WB-E","WB",175618.047900886,382360.6875,0.459299435433949
"529","STIGVEFATR y4","STIGVEFATR","Ras-related","CI-B","CI",88949.5596285739,149597.214285714,0.594593689817579
"530","STIGVEFATR y4","STIGVEFATR","Ras-related","CI-E","CI",113865.681358225,261237.545454545,0.435870277222601
"531","STIGVEFATR y4","STIGVEFATR","Ras-related","FB-B","FB",89005.0244981862,287098.045454545,0.310016128313482
"532","STIGVEFATR y4","STIGVEFATR","Ras-related","FB-E","FB",98253.4585701926,290962.636363636,0.337684108853751
"533","STIGVEFATR y4","STIGVEFATR","Ras-related","PG-B","PG",134466.061347505,311041.461538462,0.432309122656554
"534","STIGVEFATR y4","STIGVEFATR","Ras-related","PG-E","PG",140500.870211721,223899.071428571,0.627518771360979
"535","STIGVEFATR y4","STIGVEFATR","Ras-related","WB-B","WB",127603.106765993,220409.166666667,0.57893738584372
"536","STIGVEFATR y4","STIGVEFATR","Ras-related","WB-E","WB",135158.255658346,252588.9375,0.535091746281828
"537","STIGVEFATR y5","STIGVEFATR","Ras-related","CI-B","CI",301768.818366748,495256.214285714,0.609318590382507
"538","STIGVEFATR y5","STIGVEFATR","Ras-related","CI-E","CI",365866.984612534,862873.727272727,0.424009878906529
"539","STIGVEFATR y5","STIGVEFATR","Ras-related","FB-B","FB",286200.867803613,948283.090909091,0.301809523492864
"540","STIGVEFATR y5","STIGVEFATR","Ras-related","FB-E","FB",306285.67553926,946276.909090909,0.323674468431772
"541","STIGVEFATR y5","STIGVEFATR","Ras-related","PG-B","PG",418990.189618563,1033982.65384615,0.405219747217253
"542","STIGVEFATR y5","STIGVEFATR","Ras-related","PG-E","PG",464912.020648842,732183.928571429,0.634966164247741
"543","STIGVEFATR y5","STIGVEFATR","Ras-related","WB-B","WB",411151.487243661,732894.083333333,0.560997143507655
"544","STIGVEFATR y5","STIGVEFATR","Ras-related","WB-E","WB",442581.362178231,823616.875,0.537363154656383
"545","STIGVEFATR y7","STIGVEFATR","Ras-related","CI-B","CI",649261.256527334,1045276.35714286,0.621138373685228
"546","STIGVEFATR y7","STIGVEFATR","Ras-related","CI-E","CI",811858.670912188,1847872.63636364,0.439347742336732
"547","STIGVEFATR y7","STIGVEFATR","Ras-related","FB-B","FB",608623.204854299,2018065.77272727,0.301587397734707
"548","STIGVEFATR y7","STIGVEFATR","Ras-related","FB-E","FB",662547.921072764,2038594.90909091,0.325002244496049
"549","STIGVEFATR y7","STIGVEFATR","Ras-related","PG-B","PG",910508.787450241,2212706.76923077,0.411490939563932
"550","STIGVEFATR y7","STIGVEFATR","Ras-related","PG-E","PG",980272.096761073,1547045.53571429,0.633641398479245
"551","STIGVEFATR y7","STIGVEFATR","Ras-related","WB-B","WB",879536.395102746,1567602.16666667,0.561071178520366
"552","STIGVEFATR y7","STIGVEFATR","Ras-related","WB-E","WB",961993.150801567,1773468.96875,0.542435851854579
"553","THGAPTDEER y3","THGAPTDEER","Superoxide","CI-B","CI",7332.08559688169,31430.5,0.233279317760828
"554","THGAPTDEER y3","THGAPTDEER","Superoxide","CI-E","CI",11476.8124262213,25038.6666666667,0.458363561407207
"555","THGAPTDEER y3","THGAPTDEER","Superoxide","FB-B","FB",9744.95817675308,17102.8333333333,0.569786186114567
"556","THGAPTDEER y3","THGAPTDEER","Superoxide","FB-E","FB",11142.2828450906,17569.5,0.634183263330806
"557","THGAPTDEER y3","THGAPTDEER","Superoxide","PG-B","PG",3794.92331938341,18366.5,0.206622019403992
"558","THGAPTDEER y3","THGAPTDEER","Superoxide","PG-E","PG",8627.32740337354,13556.8333333333,0.636382198648175
"559","THGAPTDEER y3","THGAPTDEER","Superoxide","WB-B","WB",7757.56689196641,17678.25,0.438819843138682
"560","THGAPTDEER y3","THGAPTDEER","Superoxide","WB-E","WB",8286.94478107254,28243.8636363636,0.293406910887475
"561","THGAPTDEER y6","THGAPTDEER","Superoxide","CI-B","CI",47132.880491224,132299,0.356260292906401
"562","THGAPTDEER y6","THGAPTDEER","Superoxide","CI-E","CI",40230.4126509618,104433.166666667,0.385226398231996
"563","THGAPTDEER y6","THGAPTDEER","Superoxide","FB-B","FB",28908.5987311734,69893.5,0.413609258817678
"564","THGAPTDEER y6","THGAPTDEER","Superoxide","FB-E","FB",42364.5193774618,68831.75,0.61547933006878
"565","THGAPTDEER y6","THGAPTDEER","Superoxide","PG-B","PG",11037.2050960981,83412.5,0.132320756434564
"566","THGAPTDEER y6","THGAPTDEER","Superoxide","PG-E","PG",36492.3429820482,60060.7222222222,0.607590811962401
"567","THGAPTDEER y6","THGAPTDEER","Superoxide","WB-B","WB",20071.2934332427,73786.25,0.27201942683417
"568","THGAPTDEER y6","THGAPTDEER","Superoxide","WB-E","WB",37054.6100400231,119292.727272727,0.310619187666896
"569","THGAPTDEER y7","THGAPTDEER","Superoxide","CI-B","CI",14046.4426267531,39683.8333333333,0.353958815136805
"570","THGAPTDEER y7","THGAPTDEER","Superoxide","CI-E","CI",13289.5871117202,32399,0.410185101753764
"571","THGAPTDEER y7","THGAPTDEER","Superoxide","FB-B","FB",10523.7080758954,24091.6666666667,0.436819428954497
"572","THGAPTDEER y7","THGAPTDEER","Superoxide","FB-E","FB",15126.2883776336,23429.75,0.645601783101979
"573","THGAPTDEER y7","THGAPTDEER","Superoxide","PG-B","PG",2847.78020277783,24590.75,0.115806968180223
"574","THGAPTDEER y7","THGAPTDEER","Superoxide","PG-E","PG",12152.9515459323,19402.5555555556,0.626358291367062
"575","THGAPTDEER y7","THGAPTDEER","Superoxide","WB-B","WB",7803.17756323239,22015.25,0.354444194966325
"576","THGAPTDEER y7","THGAPTDEER","Superoxide","WB-E","WB",8970.92896527444,37149,0.241485072687675
"577","TIVVHADVDDLGK y8","TIVVHADVDDLGK","Superoxide","CI-B","CI",104118.899347625,137339.285714286,0.758114466710049
"578","TIVVHADVDDLGK y8","TIVVHADVDDLGK","Superoxide","CI-E","CI",168656.985127215,233326.727272727,0.722836115256001
"579","TIVVHADVDDLGK y8","TIVVHADVDDLGK","Superoxide","FB-B","FB",106789.915569649,211226.454545455,0.505570743018216
"580","TIVVHADVDDLGK y8","TIVVHADVDDLGK","Superoxide","FB-E","FB",87503.7744342546,176394.090909091,0.496069760519086
"581","TIVVHADVDDLGK y8","TIVVHADVDDLGK","Superoxide","PG-B","PG",106266.600948197,204707,0.519115618655918
"582","TIVVHADVDDLGK y8","TIVVHADVDDLGK","Superoxide","PG-E","PG",149768.342653768,177611,0.843237990066875
"583","TIVVHADVDDLGK y8","TIVVHADVDDLGK","Superoxide","WB-B","WB",130972.90069659,204569.333333333,0.640237217194121
"584","TIVVHADVDDLGK y8","TIVVHADVDDLGK","Superoxide","WB-E","WB",186859.018944155,266273.375,0.701756301936517
"585","TIVVHADVDDLGK y9","TIVVHADVDDLGK","Superoxide","CI-B","CI",153618.422077302,207100.571428571,0.741757596406656
"586","TIVVHADVDDLGK y9","TIVVHADVDDLGK","Superoxide","CI-E","CI",246150.210408173,357496.363636364,0.68853906066175
"587","TIVVHADVDDLGK y9","TIVVHADVDDLGK","Superoxide","FB-B","FB",160936.800946563,320850.318181818,0.501594643441693
"588","TIVVHADVDDLGK y9","TIVVHADVDDLGK","Superoxide","FB-E","FB",127788.50242222,266578.681818182,0.479365047312286
"589","TIVVHADVDDLGK y9","TIVVHADVDDLGK","Superoxide","PG-B","PG",159760.897876196,308634.5,0.517637846307513
"590","TIVVHADVDDLGK y9","TIVVHADVDDLGK","Superoxide","PG-E","PG",246918.242451224,292689.272727273,0.843619037180437
"591","TIVVHADVDDLGK y9","TIVVHADVDDLGK","Superoxide","WB-B","WB",191041.518741921,313315.916666667,0.609740867219228
"592","TIVVHADVDDLGK y9","TIVVHADVDDLGK","Superoxide","WB-E","WB",271540.162661847,404173.25,0.67184100546448
"593","TSFDAFPDK y3","TSFDAFPDK","Glycogen","CI-B","CI",284383.725078967,442420.428571429,0.642790673109827
"594","TSFDAFPDK y3","TSFDAFPDK","Glycogen","CI-E","CI",329285.133946625,719447.818181818,0.457691476191827
"595","TSFDAFPDK y3","TSFDAFPDK","Glycogen","FB-B","FB",226978.080306057,752282.954545455,0.301719025978997
"596","TSFDAFPDK y3","TSFDAFPDK","Glycogen","FB-E","FB",221130.380319549,695547.727272727,0.317922655267109
"597","TSFDAFPDK y3","TSFDAFPDK","Glycogen","PG-B","PG",238502.857973966,655275,0.36397368734343
"598","TSFDAFPDK y3","TSFDAFPDK","Glycogen","PG-E","PG",388222.852788342,600777.357142857,0.646200873206392
"599","TSFDAFPDK y3","TSFDAFPDK","Glycogen","WB-B","WB",309772.418447325,585990.25,0.528630669959654
"600","TSFDAFPDK y3","TSFDAFPDK","Glycogen","WB-E","WB",315243.237383259,667592.75,0.47220889888822
"601","TSFDAFPDK y5","TSFDAFPDK","Glycogen","CI-B","CI",178674.193586786,273677.357142857,0.652864363541481
"602","TSFDAFPDK y5","TSFDAFPDK","Glycogen","CI-E","CI",203947.964334455,437004.727272727,0.466695098717261
"603","TSFDAFPDK y5","TSFDAFPDK","Glycogen","FB-B","FB",141918.898163368,450077.636363636,0.315320928429126
"604","TSFDAFPDK y5","TSFDAFPDK","Glycogen","FB-E","FB",125846.435426836,412492.409090909,0.30508788199082
"605","TSFDAFPDK y5","TSFDAFPDK","Glycogen","PG-B","PG",134502.994723226,395958.653846154,0.339689493882069
"606","TSFDAFPDK y5","TSFDAFPDK","Glycogen","PG-E","PG",232419.913556052,353228.964285714,0.657986566945443
"607","TSFDAFPDK y5","TSFDAFPDK","Glycogen","WB-B","WB",185240.588321013,359122.833333333,0.515814008821531
"608","TSFDAFPDK y5","TSFDAFPDK","Glycogen","WB-E","WB",204354.984386973,420772.25,0.485666496274346
"609","TSFDAFPDK y6","TSFDAFPDK","Glycogen","CI-B","CI",295324.96120113,467939,0.631118503055162
"610","TSFDAFPDK y6","TSFDAFPDK","Glycogen","CI-E","CI",332084.23667347,733280.272727273,0.452874908850823
"611","TSFDAFPDK y6","TSFDAFPDK","Glycogen","FB-B","FB",214127.491272266,764444.863636364,0.280108483238006
"612","TSFDAFPDK y6","TSFDAFPDK","Glycogen","FB-E","FB",212405.080021182,721445.636363636,0.29441591897594
"613","TSFDAFPDK y6","TSFDAFPDK","Glycogen","PG-B","PG",224272.230278051,683155.653846154,0.328288625023305
"614","TSFDAFPDK y6","TSFDAFPDK","Glycogen","PG-E","PG",364922.679682837,608581.035714286,0.599628740081476
"615","TSFDAFPDK y6","TSFDAFPDK","Glycogen","WB-B","WB",311224.977141305,613632.833333333,0.507184362105741
"616","TSFDAFPDK y6","TSFDAFPDK","Glycogen","WB-E","WB",324142.281416024,706692.40625,0.458675200906794
"617","TVIEPMAGDGLR y6","TVIEPMAGDGLR","Sodium/potassium-transporting","CI-B","CI",23103.6323523336,27981,0.825690016523126
"618","TVIEPMAGDGLR y6","TVIEPMAGDGLR","Sodium/potassium-transporting","CI-E","CI",27058.0229745572,51905,0.521298968780604
"619","TVIEPMAGDGLR y6","TVIEPMAGDGLR","Sodium/potassium-transporting","FB-B","FB",15485.5468780937,42095.8181818182,0.36786425699601
"620","TVIEPMAGDGLR y6","TVIEPMAGDGLR","Sodium/potassium-transporting","FB-E","FB",12990.8483635421,36067.8636363636,0.360177927212877
"621","TVIEPMAGDGLR y6","TVIEPMAGDGLR","Sodium/potassium-transporting","PG-B","PG",17344.9658128253,38671.8846153846,0.448516176166005
"622","TVIEPMAGDGLR y6","TVIEPMAGDGLR","Sodium/potassium-transporting","PG-E","PG",23870.1784796082,32127.9285714286,0.74297284453116
"623","TVIEPMAGDGLR y6","TVIEPMAGDGLR","Sodium/potassium-transporting","WB-B","WB",17338.8265639182,31332.25,0.553385938255894
"624","TVIEPMAGDGLR y6","TVIEPMAGDGLR","Sodium/potassium-transporting","WB-E","WB",18302.5186361817,36011.375,0.508242704872604
"625","TVIEPMAGDGLR y8","TVIEPMAGDGLR","Sodium/potassium-transporting","CI-B","CI",303211.590251263,381908.428571429,0.793937937912132
"626","TVIEPMAGDGLR y8","TVIEPMAGDGLR","Sodium/potassium-transporting","CI-E","CI",422842.734958133,618483.090909091,0.683677114497356
"627","TVIEPMAGDGLR y8","TVIEPMAGDGLR","Sodium/potassium-transporting","FB-B","FB",216940.561831974,576271.954545455,0.376455179053595
"628","TVIEPMAGDGLR y8","TVIEPMAGDGLR","Sodium/potassium-transporting","FB-E","FB",236449.437946447,561162.090909091,0.421356755520309
"629","TVIEPMAGDGLR y8","TVIEPMAGDGLR","Sodium/potassium-transporting","PG-B","PG",266742.717326595,548717.730769231,0.486120098493366
"630","TVIEPMAGDGLR y8","TVIEPMAGDGLR","Sodium/potassium-transporting","PG-E","PG",322042.637224772,446029.607142857,0.722020762898878
"631","TVIEPMAGDGLR y8","TVIEPMAGDGLR","Sodium/potassium-transporting","WB-B","WB",235127.988722857,406188.416666667,0.578864337521993
"632","TVIEPMAGDGLR y8","TVIEPMAGDGLR","Sodium/potassium-transporting","WB-E","WB",266888.951638497,504656.09375,0.528853123827948
"633","TVIEPMAGDGLR y9","TVIEPMAGDGLR","Sodium/potassium-transporting","CI-B","CI",71904.2681926116,94400.9285714286,0.761690263864356
"634","TVIEPMAGDGLR y9","TVIEPMAGDGLR","Sodium/potassium-transporting","CI-E","CI",104312.122930052,152496.909090909,0.684027784903283
"635","TVIEPMAGDGLR y9","TVIEPMAGDGLR","Sodium/potassium-transporting","FB-B","FB",48465.9636503242,132506.363636364,0.365763291062224
"636","TVIEPMAGDGLR y9","TVIEPMAGDGLR","Sodium/potassium-transporting","FB-E","FB",55576.4226786373,127234.863636364,0.436801841022711
"637","TVIEPMAGDGLR y9","TVIEPMAGDGLR","Sodium/potassium-transporting","PG-B","PG",58725.328362761,124938.192307692,0.470035041151667
"638","TVIEPMAGDGLR y9","TVIEPMAGDGLR","Sodium/potassium-transporting","PG-E","PG",76595.7639366793,105443.535714286,0.726414980470936
"639","TVIEPMAGDGLR y9","TVIEPMAGDGLR","Sodium/potassium-transporting","WB-B","WB",58329.1413800065,100122.916666667,0.582575331621614
"640","TVIEPMAGDGLR y9","TVIEPMAGDGLR","Sodium/potassium-transporting","WB-E","WB",66622.1759687501,126926.25,0.524888870259305
"641","VLYPNDNFFEGK y4","VLYPNDNFFEGK","Glycogen","CI-B","CI",27293.2327136851,48162.2857142857,0.566693052642837
"642","VLYPNDNFFEGK y4","VLYPNDNFFEGK","Glycogen","CI-E","CI",24330.5654126371,86510.7777777778,0.281243170361218
"643","VLYPNDNFFEGK y4","VLYPNDNFFEGK","Glycogen","FB-B","FB",29286.1929489121,82043.9090909091,0.356957552040352
"644","VLYPNDNFFEGK y4","VLYPNDNFFEGK","Glycogen","FB-E","FB",27434.3430264132,74251.9090909091,0.369476601508312
"645","VLYPNDNFFEGK y4","VLYPNDNFFEGK","Glycogen","PG-B","PG",29057.9564889016,70620.5384615385,0.411466085106774
"646","VLYPNDNFFEGK y4","VLYPNDNFFEGK","Glycogen","PG-E","PG",42515.4884844503,64994.5714285714,0.654139069617138
"647","VLYPNDNFFEGK y4","VLYPNDNFFEGK","Glycogen","WB-B","WB",34771.3182109737,63459.5833333333,0.547928561527592
"648","VLYPNDNFFEGK y4","VLYPNDNFFEGK","Glycogen","WB-E","WB",31516.2644407889,66942.84375,0.470793630436247
"649","VLYPNDNFFEGK y8","VLYPNDNFFEGK","Glycogen","CI-B","CI",41787.1938888725,80338.3571428571,0.520140010014977
"650","VLYPNDNFFEGK y8","VLYPNDNFFEGK","Glycogen","CI-E","CI",69686.0234686572,133555.090909091,0.521777365387677
"651","VLYPNDNFFEGK y8","VLYPNDNFFEGK","Glycogen","FB-B","FB",55531.1021155139,140782.181818182,0.394446949168834
"652","VLYPNDNFFEGK y8","VLYPNDNFFEGK","Glycogen","FB-E","FB",51337.1575164883,130868.545454545,0.392280340078504
"653","VLYPNDNFFEGK y8","VLYPNDNFFEGK","Glycogen","PG-B","PG",55690.492969845,119534.846153846,0.465893375544811
"654","VLYPNDNFFEGK y8","VLYPNDNFFEGK","Glycogen","PG-E","PG",74397.6108007686,110573.142857143,0.672836177740629
"655","VLYPNDNFFEGK y8","VLYPNDNFFEGK","Glycogen","WB-B","WB",60678.1640126576,109462.083333333,0.554330432647447
"656","VLYPNDNFFEGK y8","VLYPNDNFFEGK","Glycogen","WB-E","WB",60645.9183079675,123953.375,0.489263953546787
"657","VLYPNDNFFEGK y9","VLYPNDNFFEGK","Glycogen","CI-B","CI",387806.913934432,785424.214285714,0.493754721182252
"658","VLYPNDNFFEGK y9","VLYPNDNFFEGK","Glycogen","CI-E","CI",561296.634556681,1252054.45454545,0.448300497249901
"659","VLYPNDNFFEGK y9","VLYPNDNFFEGK","Glycogen","FB-B","FB",406096.047971071,1328480.95454545,0.305684508747827
"660","VLYPNDNFFEGK y9","VLYPNDNFFEGK","Glycogen","FB-E","FB",415153.697629165,1222392.22727273,0.339623967141391
"661","VLYPNDNFFEGK y9","VLYPNDNFFEGK","Glycogen","PG-B","PG",456321.753424286,1131726.38461538,0.403208549016347
"662","VLYPNDNFFEGK y9","VLYPNDNFFEGK","Glycogen","PG-E","PG",643480.932836017,1074603.82142857,0.598807597743862
"663","VLYPNDNFFEGK y9","VLYPNDNFFEGK","Glycogen","WB-B","WB",513439.403691862,1046120.5,0.490803309649186
"664","VLYPNDNFFEGK y9","VLYPNDNFFEGK","Glycogen","WB-E","WB",500603.383910162,1141856.96875,0.438411637893821
"665","WLDESGVFLPEEHPSR y4","WLDESGVFLPEEHPSR","Cytochrome","CI-B","CI",60228.4601052085,80245.6428571429,0.750551157181581
"666","WLDESGVFLPEEHPSR y4","WLDESGVFLPEEHPSR","Cytochrome","CI-E","CI",120657.833859023,201154.272727273,0.599827347553347
"667","WLDESGVFLPEEHPSR y4","WLDESGVFLPEEHPSR","Cytochrome","FB-B","FB",52310.7960550992,138980.272727273,0.376390080610584
"668","WLDESGVFLPEEHPSR y4","WLDESGVFLPEEHPSR","Cytochrome","FB-E","FB",65948.9021698204,156511.363636364,0.421368139907369
"669","WLDESGVFLPEEHPSR y4","WLDESGVFLPEEHPSR","Cytochrome","PG-B","PG",35300.995448438,129338.769230769,0.272934369627819
"670","WLDESGVFLPEEHPSR y4","WLDESGVFLPEEHPSR","Cytochrome","PG-E","PG",71041.8766335677,120181.642857143,0.591120864590057
"671","WLDESGVFLPEEHPSR y4","WLDESGVFLPEEHPSR","Cytochrome","WB-B","WB",71823.2892918235,118138.833333333,0.607956649522442
"672","WLDESGVFLPEEHPSR y4","WLDESGVFLPEEHPSR","Cytochrome","WB-E","WB",60570.7833326391,114552.09375,0.528761905171542
"673","WLDESGVFLPEEHPSR y7","WLDESGVFLPEEHPSR","Cytochrome","CI-B","CI",196099.781058095,274127.071428571,0.715360872737418
"674","WLDESGVFLPEEHPSR y7","WLDESGVFLPEEHPSR","Cytochrome","CI-E","CI",419251.774445854,705141.818181818,0.59456376523928
"675","WLDESGVFLPEEHPSR y7","WLDESGVFLPEEHPSR","Cytochrome","FB-B","FB",179941.598392519,485508.363636364,0.370625125888236
"676","WLDESGVFLPEEHPSR y7","WLDESGVFLPEEHPSR","Cytochrome","FB-E","FB",227643.376388137,528017.590909091,0.431128394787382
"677","WLDESGVFLPEEHPSR y7","WLDESGVFLPEEHPSR","Cytochrome","PG-B","PG",119667.958917033,450855.923076923,0.265423947633522
"678","WLDESGVFLPEEHPSR y7","WLDESGVFLPEEHPSR","Cytochrome","PG-E","PG",242692.515053947,417844.464285714,0.580820223306819
"679","WLDESGVFLPEEHPSR y7","WLDESGVFLPEEHPSR","Cytochrome","WB-B","WB",237582.148735777,408396,0.581744553658159
"680","WLDESGVFLPEEHPSR y7","WLDESGVFLPEEHPSR","Cytochrome","WB-E","WB",192165.80761599,410801.125,0.467783060759606
"681","WLDESGVFLPEEHPSR y9","WLDESGVFLPEEHPSR","Cytochrome","CI-B","CI",38598.6143784924,55076.8571428571,0.700813669857308
"682","WLDESGVFLPEEHPSR y9","WLDESGVFLPEEHPSR","Cytochrome","CI-E","CI",82436.6624681511,137362.363636364,0.600140098683682
"683","WLDESGVFLPEEHPSR y9","WLDESGVFLPEEHPSR","Cytochrome","FB-B","FB",36342.9715111964,96757.6818181818,0.375608125662713
"684","WLDESGVFLPEEHPSR y9","WLDESGVFLPEEHPSR","Cytochrome","FB-E","FB",43711.4719898876,107731.545454545,0.405744406668059
"685","WLDESGVFLPEEHPSR y9","WLDESGVFLPEEHPSR","Cytochrome","PG-B","PG",24526.0495692714,93726.6538461538,0.261676359528735
"686","WLDESGVFLPEEHPSR y9","WLDESGVFLPEEHPSR","Cytochrome","PG-E","PG",46887.5972511376,85378.1785714286,0.549175422053667
"687","WLDESGVFLPEEHPSR y9","WLDESGVFLPEEHPSR","Cytochrome","WB-B","WB",44863.5521756602,81063.5,0.55343714712121
"688","WLDESGVFLPEEHPSR y9","WLDESGVFLPEEHPSR","Cytochrome","WB-E","WB",39721.6041442614,81667.46875,0.486382212553409
